OBJECTID,TOWNSHIP,DISTZONE,ZONING,ZONE
1,CINCINNATI,CINCINNATI,PD,
2,CINCINNATI,CINCINNATI,PD,
3,CINCINNATI,CINCINNATI,PD,
4,CINCINNATI,CINCINNATI,PD,
5,CINCINNATI,CINCINNATI,PD,
6,CINCINNATI,CINCINNATI,PD,
7,CINCINNATI,CINCINNATI,PD,
8,CINCINNATI,CINCINNATI,PD,
9,CINCINNATI,CINCINNATI,PD,
10,CINCINNATI,CINCINNATI,PD,
11,CINCINNATI,CINCINNATI,PD,
12,CINCINNATI,CINCINNATI,PD,
13,CINCINNATI,CINCINNATI,PD,
34,CINCINNATI,CINCINNATI,PD,
35,CINCINNATI,CINCINNATI,PD,
36,CINCINNATI,CINCINNATI,PD,
37,CINCINNATI,CINCINNATI,PD,
38,CINCINNATI,CINCINNATI,PD,
39,CINCINNATI,CINCINNATI,PD,
40,CINCINNATI,CINCINNATI,PD,
41,CINCINNATI,CINCINNATI,PD,
42,CINCINNATI,CINCINNATI,PD,
43,CINCINNATI,CINCINNATI,PD,
44,CINCINNATI,CINCINNATI,PD,
45,CINCINNATI,CINCINNATI,PD,
46,CINCINNATI,CINCINNATI,PD,
47,CINCINNATI,CINCINNATI,PD,
48,CINCINNATI,CINCINNATI,PD,
49,CINCINNATI,CINCINNATI,PD,
50,CINCINNATI,CINCINNATI,PD,
51,CINCINNATI,CINCINNATI,PD,
52,CINCINNATI,CINCINNATI,PD,
53,CINCINNATI,CINCINNATI,PD,
54,CINCINNATI,CINCINNATI,PD,
55,CINCINNATI,CINCINNATI,PD,
56,CINCINNATI,CINCINNATI,PD,
14,CINCINNATI,CINCINNATI,PD,
15,CINCINNATI,CINCINNATI,PD,
16,CINCINNATI,CINCINNATI,PD,
17,CINCINNATI,CINCINNATI,PD,
18,CINCINNATI,CINCINNATI,PD,
19,CINCINNATI,CINCINNATI,PD,
20,CINCINNATI,CINCINNATI,PD,
21,CINCINNATI,CINCINNATI,PD,
22,CINCINNATI,CINCINNATI,PD,
23,CINCINNATI,CINCINNATI,PD,
24,CINCINNATI,CINCINNATI,PD,
25,CINCINNATI,CINCINNATI,PD,
26,CINCINNATI,CINCINNATI,PD,
27,CINCINNATI,CINCINNATI,PD,
28,CINCINNATI,CINCINNATI,PD,
29,CINCINNATI,CINCINNATI,PD,
30,CINCINNATI,CINCINNATI,PD,
31,CINCINNATI,CINCINNATI,PD,
32,CINCINNATI,CINCINNATI,PD,
33,CINCINNATI,CINCINNATI,PD,
74,CINCINNATI,CINCINNATI,PD,
75,CINCINNATI,CINCINNATI,PD,
76,CINCINNATI,CINCINNATI,PD,
77,CINCINNATI,CINCINNATI,PD,
78,CINCINNATI,CINCINNATI,PD,
79,CINCINNATI,CINCINNATI,PD,
80,CINCINNATI,CINCINNATI,PD,
81,CINCINNATI,CINCINNATI,PD,
82,CINCINNATI,CINCINNATI,PD,
83,CINCINNATI,CINCINNATI,PD,
84,CINCINNATI,CINCINNATI,PD,
85,CINCINNATI,CINCINNATI,RM-1.2,
86,CINCINNATI,CINCINNATI,CN-P,
87,CINCINNATI,CINCINNATI,PR,
88,CINCINNATI,CINCINNATI,SF-4,
57,CINCINNATI,CINCINNATI,RMX,
58,CINCINNATI,CINCINNATI,CC-P,
59,CINCINNATI,CINCINNATI,SF-20,
60,CINCINNATI,CINCINNATI,SF-6,
61,CINCINNATI,CINCINNATI,PR,
62,CINCINNATI,CINCINNATI,CC-A,
63,CINCINNATI,CINCINNATI,CN-M,
64,CINCINNATI,CINCINNATI,CC-A,
65,CINCINNATI,CINCINNATI,SF-2,
66,CINCINNATI,CINCINNATI,PR,
67,CINCINNATI,CINCINNATI,ML,
68,CINCINNATI,CINCINNATI,RF-C,
69,CINCINNATI,CINCINNATI,RMX,
70,CINCINNATI,CINCINNATI,PR,
71,CINCINNATI,CINCINNATI,PD,
72,CINCINNATI,CINCINNATI,PD,
73,CINCINNATI,CINCINNATI,PD,
106,CINCINNATI,CINCINNATI,SF-6,
107,CINCINNATI,CINCINNATI,RM-1.2,
108,CINCINNATI,CINCINNATI,SF-4,
109,CINCINNATI,CINCINNATI,PR,
110,CINCINNATI,CINCINNATI,CN-M,
111,CINCINNATI,CINCINNATI,CC-A,
112,CINCINNATI,CINCINNATI,PR,
113,CINCINNATI,CINCINNATI,ML,
114,CINCINNATI,CINCINNATI,PR,
115,CINCINNATI,CINCINNATI,SF-4,
116,CINCINNATI,CINCINNATI,SF-4,
117,CINCINNATI,CINCINNATI,OL,
118,CINCINNATI,CINCINNATI,RM-2.0,
119,CINCINNATI,CINCINNATI,SF-6,
120,CINCINNATI,CINCINNATI,CG-A,
121,CINCINNATI,CINCINNATI,IR,
122,CINCINNATI,CINCINNATI,PR,
123,CINCINNATI,CINCINNATI,PR,
124,CINCINNATI,CINCINNATI,RMX,
89,CINCINNATI,CINCINNATI,SF-2,
90,CINCINNATI,CINCINNATI,SF-6,
91,CINCINNATI,CINCINNATI,SF-6,
92,CINCINNATI,CINCINNATI,CN-P,
93,CINCINNATI,CINCINNATI,CC-A,
94,CINCINNATI,CINCINNATI,RM-0.7,
95,CINCINNATI,CINCINNATI,RMX,
96,CINCINNATI,CINCINNATI,RM-2.0,
97,CINCINNATI,CINCINNATI,SF-6,
98,CINCINNATI,CINCINNATI,RM-1.2,
99,CINCINNATI,CINCINNATI,PR,
100,CINCINNATI,CINCINNATI,SF-4,
101,CINCINNATI,CINCINNATI,SF-4,
102,CINCINNATI,CINCINNATI,PR,
103,CINCINNATI,CINCINNATI,SF-4,
104,CINCINNATI,CINCINNATI,CC-A,
105,CINCINNATI,CINCINNATI,RF-C,
141,CINCINNATI,CINCINNATI,RM-1.2,
142,CINCINNATI,CINCINNATI,RM-0.7,
143,CINCINNATI,CINCINNATI,CG-A,
144,CINCINNATI,CINCINNATI,SF-10,
145,CINCINNATI,CINCINNATI,PR,
146,CINCINNATI,CINCINNATI,CC-M,
147,CINCINNATI,CINCINNATI,SF-4,
148,CINCINNATI,CINCINNATI,RM-0.7,
149,CINCINNATI,CINCINNATI,SF-2,
125,CINCINNATI,CINCINNATI,SF-4,
126,CINCINNATI,CINCINNATI,PR,
127,CINCINNATI,CINCINNATI,PR,
128,CINCINNATI,CINCINNATI,SF-4,
129,CINCINNATI,CINCINNATI,ML,
130,CINCINNATI,CINCINNATI,RM-2.0,
131,CINCINNATI,CINCINNATI,RM-2.0,
132,CINCINNATI,CINCINNATI,RM-2.0,
133,CINCINNATI,CINCINNATI,MG,
134,CINCINNATI,CINCINNATI,SF-6,
135,CINCINNATI,CINCINNATI,SF-6,
136,CINCINNATI,CINCINNATI,CC-P,
137,CINCINNATI,CINCINNATI,CC-A,
138,CINCINNATI,CINCINNATI,CC-A,
139,CINCINNATI,CINCINNATI,RM-2.0,
140,CINCINNATI,CINCINNATI,SF-2,
167,CINCINNATI,CINCINNATI,SF-6,
168,CINCINNATI,CINCINNATI,CC-P,
169,CINCINNATI,CINCINNATI,RM-1.2,
170,CINCINNATI,CINCINNATI,SF-4,
171,CINCINNATI,CINCINNATI,CN-P,
172,CINCINNATI,CINCINNATI,SF-10,
173,CINCINNATI,CINCINNATI,IR,
174,CINCINNATI,CINCINNATI,RM-2.0,
175,CINCINNATI,CINCINNATI,SF-20,
176,CINCINNATI,CINCINNATI,SF-2,
177,CINCINNATI,CINCINNATI,CC-M,
178,CINCINNATI,CINCINNATI,CC-M,
179,CINCINNATI,CINCINNATI,SF-6,
180,CINCINNATI,CINCINNATI,SF-4,
181,CINCINNATI,CINCINNATI,RM-2.0,
182,CINCINNATI,CINCINNATI,CC-A,
183,CINCINNATI,CINCINNATI,SF-6,
184,CINCINNATI,CINCINNATI,SF-6,
185,CINCINNATI,CINCINNATI,PR,
186,CINCINNATI,CINCINNATI,SF-6,
187,CINCINNATI,CINCINNATI,CN-M,
188,CINCINNATI,CINCINNATI,RM-2.0,
189,CINCINNATI,CINCINNATI,CC-A,
150,CINCINNATI,CINCINNATI,CC-M,
151,CINCINNATI,CINCINNATI,SF-4,
152,CINCINNATI,CINCINNATI,PR,
153,CINCINNATI,CINCINNATI,PR,
154,CINCINNATI,CINCINNATI,RM-2.0,
155,CINCINNATI,CINCINNATI,RMX,
156,CINCINNATI,CINCINNATI,SF-6,
157,CINCINNATI,CINCINNATI,PR,
158,CINCINNATI,CINCINNATI,OG,
159,CINCINNATI,CINCINNATI,PR,
160,CINCINNATI,CINCINNATI,CG-A,
161,CINCINNATI,CINCINNATI,RF-C,
162,CINCINNATI,CINCINNATI,PR,
163,CINCINNATI,CINCINNATI,PR,
164,CINCINNATI,CINCINNATI,PR,
165,CINCINNATI,CINCINNATI,RMX,
166,CINCINNATI,CINCINNATI,OL,
207,CINCINNATI,CINCINNATI,CC-A,
208,CINCINNATI,CINCINNATI,CC-A,
209,CINCINNATI,CINCINNATI,RMX,
210,CINCINNATI,CINCINNATI,SF-6,
211,CINCINNATI,CINCINNATI,RM-1.2,
212,CINCINNATI,CINCINNATI,ML,
213,CINCINNATI,CINCINNATI,SF-6,
214,CINCINNATI,CINCINNATI,RM-1.2,
215,CINCINNATI,CINCINNATI,PR,
216,CINCINNATI,CINCINNATI,MG,
217,CINCINNATI,CINCINNATI,CC-P,
218,CINCINNATI,CINCINNATI,CC-M,
219,CINCINNATI,CINCINNATI,RMX,
220,CINCINNATI,CINCINNATI,OL,
221,CINCINNATI,CINCINNATI,RF-M,
222,CINCINNATI,CINCINNATI,RMX,
190,CINCINNATI,CINCINNATI,UM,
191,CINCINNATI,CINCINNATI,RMX,
192,CINCINNATI,CINCINNATI,PR,
193,CINCINNATI,CINCINNATI,CN-P,
194,CINCINNATI,CINCINNATI,CN-P,
195,CINCINNATI,CINCINNATI,MG,
196,CINCINNATI,CINCINNATI,CN-M,
197,CINCINNATI,CINCINNATI,SF-10,
198,CINCINNATI,CINCINNATI,CC-A,
199,CINCINNATI,CINCINNATI,RM-1.2,
200,CINCINNATI,CINCINNATI,PR,
201,CINCINNATI,CINCINNATI,CC-A,
202,CINCINNATI,CINCINNATI,PR,
203,CINCINNATI,CINCINNATI,SF-2,
204,CINCINNATI,CINCINNATI,SF-20,
205,CINCINNATI,CINCINNATI,PR,
206,CINCINNATI,CINCINNATI,SF-10,
241,CINCINNATI,CINCINNATI,CC-A,
242,CINCINNATI,CINCINNATI,RM-2.0,
243,CINCINNATI,CINCINNATI,SF-6,
244,CINCINNATI,CINCINNATI,RM-1.2,
245,CINCINNATI,CINCINNATI,PR,
246,CINCINNATI,CINCINNATI,RMX,
247,CINCINNATI,CINCINNATI,PR,
248,CINCINNATI,CINCINNATI,SF-2,
249,CINCINNATI,CINCINNATI,CC-A,
250,CINCINNATI,CINCINNATI,ML,
251,CINCINNATI,CINCINNATI,OG,
252,CINCINNATI,CINCINNATI,SF-4,
253,CINCINNATI,CINCINNATI,SF-6,
254,CINCINNATI,CINCINNATI,SF-20,
255,CINCINNATI,CINCINNATI,PR,
223,CINCINNATI,CINCINNATI,CC-M,
224,CINCINNATI,CINCINNATI,CC-P,
225,CINCINNATI,CINCINNATI,CC-P,
226,CINCINNATI,CINCINNATI,SF-6,
227,CINCINNATI,CINCINNATI,SF-10,
228,CINCINNATI,CINCINNATI,SF-2,
229,CINCINNATI,CINCINNATI,CC-A,
230,CINCINNATI,CINCINNATI,RMX,
231,CINCINNATI,CINCINNATI,PR,
232,CINCINNATI,CINCINNATI,CC-P,
233,CINCINNATI,CINCINNATI,ML,
234,CINCINNATI,CINCINNATI,SF-2,
235,CINCINNATI,CINCINNATI,SF-2,
236,CINCINNATI,CINCINNATI,RM-1.2,
237,CINCINNATI,CINCINNATI,SF-4,
238,CINCINNATI,CINCINNATI,PR,
239,CINCINNATI,CINCINNATI,SF-4,
240,CINCINNATI,CINCINNATI,SF-10,
274,CINCINNATI,CINCINNATI,RM-2.0,
275,CINCINNATI,CINCINNATI,SF-10,
276,CINCINNATI,CINCINNATI,PR,
277,CINCINNATI,CINCINNATI,SF-4,
278,CINCINNATI,CINCINNATI,RM-2.0,
279,CINCINNATI,CINCINNATI,RM-2.0,
280,CINCINNATI,CINCINNATI,ML,
281,CINCINNATI,CINCINNATI,RM-0.7,
282,CINCINNATI,CINCINNATI,OL,
283,CINCINNATI,CINCINNATI,SF-6,
284,CINCINNATI,CINCINNATI,PR,
285,CINCINNATI,CINCINNATI,SF-10,
286,CINCINNATI,CINCINNATI,SF-10,
287,CINCINNATI,CINCINNATI,CN-P,
288,CINCINNATI,CINCINNATI,RM-2.0,
256,CINCINNATI,CINCINNATI,RF-C,
257,CINCINNATI,CINCINNATI,SF-6,
258,CINCINNATI,CINCINNATI,SF-4,
259,CINCINNATI,CINCINNATI,RM-2.0,
260,CINCINNATI,CINCINNATI,CC-M,
261,CINCINNATI,CINCINNATI,OL,
262,CINCINNATI,CINCINNATI,CC-M,
263,CINCINNATI,CINCINNATI,CC-M,
264,CINCINNATI,CINCINNATI,PR,
265,CINCINNATI,CINCINNATI,PR,
266,CINCINNATI,CINCINNATI,PR,
267,CINCINNATI,CINCINNATI,PR,
268,CINCINNATI,CINCINNATI,RM-1.2,
269,CINCINNATI,CINCINNATI,RM-2.0,
270,CINCINNATI,CINCINNATI,SF-4,
271,CINCINNATI,CINCINNATI,CN-P,
272,CINCINNATI,CINCINNATI,SF-6,
273,CINCINNATI,CINCINNATI,PR,
307,CINCINNATI,CINCINNATI,RMX,
308,CINCINNATI,CINCINNATI,CN-M,
309,CINCINNATI,CINCINNATI,CN-P,
310,CINCINNATI,CINCINNATI,RF-R,
311,CINCINNATI,CINCINNATI,PR,
312,CINCINNATI,CINCINNATI,SF-20,
313,CINCINNATI,CINCINNATI,OL,
314,CINCINNATI,CINCINNATI,PR,
315,CINCINNATI,CINCINNATI,CC-A,
316,CINCINNATI,CINCINNATI,SF-6,
317,CINCINNATI,CINCINNATI,SF-4,
318,CINCINNATI,CINCINNATI,SF-10,
319,CINCINNATI,CINCINNATI,CC-A,
320,CINCINNATI,CINCINNATI,RM-0.7,
321,CINCINNATI,CINCINNATI,OL,
322,CINCINNATI,CINCINNATI,RM-1.2,
323,CINCINNATI,CINCINNATI,PR,
324,CINCINNATI,CINCINNATI,RM-2.0,
325,CINCINNATI,CINCINNATI,SF-10,
326,CINCINNATI,CINCINNATI,RM-1.2,
289,CINCINNATI,CINCINNATI,PR,
290,CINCINNATI,CINCINNATI,SF-20,
291,CINCINNATI,CINCINNATI,IR,
292,CINCINNATI,CINCINNATI,SF-20,
293,CINCINNATI,CINCINNATI,SF-4,
294,CINCINNATI,CINCINNATI,PR,
295,CINCINNATI,CINCINNATI,PR,
296,CINCINNATI,CINCINNATI,RMX,
297,CINCINNATI,CINCINNATI,SF-6,
298,CINCINNATI,CINCINNATI,CC-P,
299,CINCINNATI,CINCINNATI,RM-2.0,
300,CINCINNATI,CINCINNATI,CC-M,
301,CINCINNATI,CINCINNATI,SF-6,
302,CINCINNATI,CINCINNATI,RM-2.0,
303,CINCINNATI,CINCINNATI,RM-2.0,
304,CINCINNATI,CINCINNATI,RMX,
305,CINCINNATI,CINCINNATI,RM-0.7,
306,CINCINNATI,CINCINNATI,CN-P,
343,CINCINNATI,CINCINNATI,OL,
344,CINCINNATI,CINCINNATI,RM-1.2,
345,CINCINNATI,CINCINNATI,IR,
346,CINCINNATI,CINCINNATI,RM-2.0,
347,CINCINNATI,CINCINNATI,CN-M,
348,CINCINNATI,CINCINNATI,RM-2.0,
349,CINCINNATI,CINCINNATI,PR,
350,CINCINNATI,CINCINNATI,PR,
351,CINCINNATI,CINCINNATI,SF-2,
352,CINCINNATI,CINCINNATI,CC-M,
353,CINCINNATI,CINCINNATI,IR,
354,CINCINNATI,CINCINNATI,IR,
355,CINCINNATI,CINCINNATI,RM-2.0,
356,CINCINNATI,CINCINNATI,SF-2,
357,CINCINNATI,CINCINNATI,SF-2,
358,CINCINNATI,CINCINNATI,SF-4,
327,CINCINNATI,CINCINNATI,RM-2.0,
328,CINCINNATI,CINCINNATI,SF-4,
329,CINCINNATI,CINCINNATI,CN-P,
330,CINCINNATI,CINCINNATI,PR,
331,CINCINNATI,CINCINNATI,RM-2.0,
332,CINCINNATI,CINCINNATI,RM-2.0,
333,CINCINNATI,CINCINNATI,SF-4,
334,CINCINNATI,CINCINNATI,PR,
335,CINCINNATI,CINCINNATI,SF-10,
336,CINCINNATI,CINCINNATI,SF-4,
337,CINCINNATI,CINCINNATI,PR,
338,CINCINNATI,CINCINNATI,RMX,
339,CINCINNATI,CINCINNATI,PR,
340,CINCINNATI,CINCINNATI,OG,
341,CINCINNATI,CINCINNATI,RM-1.2,
342,CINCINNATI,CINCINNATI,PR,
384,CINCINNATI,CINCINNATI,CN-M,
385,CINCINNATI,CINCINNATI,RM-0.7,
386,CINCINNATI,CINCINNATI,CN-M,
387,CINCINNATI,CINCINNATI,SF-6,
388,CINCINNATI,CINCINNATI,RMX,
389,CINCINNATI,CINCINNATI,SF-4,
390,CINCINNATI,CINCINNATI,SF-4,
391,CINCINNATI,CINCINNATI,SF-6,
392,CINCINNATI,CINCINNATI,SF-4,
393,CINCINNATI,CINCINNATI,PR,
394,CINCINNATI,CINCINNATI,CC-A,
395,CINCINNATI,CINCINNATI,OL,
396,CINCINNATI,CINCINNATI,MG,
397,CINCINNATI,CINCINNATI,RM-1.2,
398,CINCINNATI,CINCINNATI,RM-1.2,
359,CINCINNATI,CINCINNATI,CC-A,
360,CINCINNATI,CINCINNATI,PR,
361,CINCINNATI,CINCINNATI,RM-1.2,
362,CINCINNATI,CINCINNATI,SF-6,
363,CINCINNATI,CINCINNATI,SF-4,
364,CINCINNATI,CINCINNATI,RM-2.0,
365,CINCINNATI,CINCINNATI,SF-10,
366,CINCINNATI,CINCINNATI,SF-6,
367,CINCINNATI,CINCINNATI,RMX,
368,CINCINNATI,CINCINNATI,PR,
369,CINCINNATI,CINCINNATI,IR,
370,CINCINNATI,CINCINNATI,RM-2.0,
371,CINCINNATI,CINCINNATI,PR,
372,CINCINNATI,CINCINNATI,RM-2.0,
373,CINCINNATI,CINCINNATI,PR,
374,CINCINNATI,CINCINNATI,SF-4,
375,CINCINNATI,CINCINNATI,PR,
376,CINCINNATI,CINCINNATI,RM-0.7,
377,CINCINNATI,CINCINNATI,CC-M,
378,CINCINNATI,CINCINNATI,RM-1.2,
379,CINCINNATI,CINCINNATI,CN-M,
380,CINCINNATI,CINCINNATI,CC-A,
381,CINCINNATI,CINCINNATI,SF-2,
382,CINCINNATI,CINCINNATI,OL,
383,CINCINNATI,CINCINNATI,ML,
416,CINCINNATI,CINCINNATI,SF-2,
417,CINCINNATI,CINCINNATI,OL,
418,CINCINNATI,CINCINNATI,RF-R,
419,CINCINNATI,CINCINNATI,PR,
420,CINCINNATI,CINCINNATI,RM-2.0,
421,CINCINNATI,CINCINNATI,SF-4,
422,CINCINNATI,CINCINNATI,PR,
423,CINCINNATI,CINCINNATI,CC-A,
424,CINCINNATI,CINCINNATI,PR,
399,CINCINNATI,CINCINNATI,CC-M,
400,CINCINNATI,CINCINNATI,SF-6,
401,CINCINNATI,CINCINNATI,DD,
402,CINCINNATI,CINCINNATI,PR,
403,CINCINNATI,CINCINNATI,CN-P,
404,CINCINNATI,CINCINNATI,RM-2.0,
405,CINCINNATI,CINCINNATI,RMX,
406,CINCINNATI,CINCINNATI,RF-R,
407,CINCINNATI,CINCINNATI,RMX,
408,CINCINNATI,CINCINNATI,OG,
409,CINCINNATI,CINCINNATI,RM-0.7,
410,CINCINNATI,CINCINNATI,MG,
411,CINCINNATI,CINCINNATI,PR,
412,CINCINNATI,CINCINNATI,SF-20,
413,CINCINNATI,CINCINNATI,SF-2,
414,CINCINNATI,CINCINNATI,RM-0.7,
415,CINCINNATI,CINCINNATI,PD,
437,CINCINNATI,CINCINNATI,PR,
438,CINCINNATI,CINCINNATI,MG,
439,CINCINNATI,CINCINNATI,SF-10,
440,CINCINNATI,CINCINNATI,RMX,
441,CINCINNATI,CINCINNATI,CC-M,
442,CINCINNATI,CINCINNATI,SF-2,
443,CINCINNATI,CINCINNATI,RF-R,
444,CINCINNATI,CINCINNATI,SF-2,
445,CINCINNATI,CINCINNATI,RM-1.2,
446,CINCINNATI,CINCINNATI,SF-6,
447,CINCINNATI,CINCINNATI,PR,
425,CINCINNATI,CINCINNATI,CC-P,
426,CINCINNATI,CINCINNATI,RMX,
427,CINCINNATI,CINCINNATI,PR,
428,CINCINNATI,CINCINNATI,SF-6,
429,CINCINNATI,CINCINNATI,CN-M,
430,CINCINNATI,CINCINNATI,PR,
431,CINCINNATI,CINCINNATI,CN-P,
432,CINCINNATI,CINCINNATI,SF-6,
433,CINCINNATI,CINCINNATI,PR,
434,CINCINNATI,CINCINNATI,OL,
435,CINCINNATI,CINCINNATI,RM-2.0,
436,CINCINNATI,CINCINNATI,OL,
467,CINCINNATI,CINCINNATI,SF-6,
468,CINCINNATI,CINCINNATI,CN-P,
469,CINCINNATI,CINCINNATI,CC-A,
470,CINCINNATI,CINCINNATI,CG-A,
471,CINCINNATI,CINCINNATI,SF-20,
472,CINCINNATI,CINCINNATI,CC-M,
473,CINCINNATI,CINCINNATI,SF-6,
474,CINCINNATI,CINCINNATI,RM-2.0,
475,CINCINNATI,CINCINNATI,CC-M,
476,CINCINNATI,CINCINNATI,CC-A,
477,CINCINNATI,CINCINNATI,ME,
478,CINCINNATI,CINCINNATI,PR,
448,CINCINNATI,CINCINNATI,RMX,
449,CINCINNATI,CINCINNATI,CN-M,
450,CINCINNATI,CINCINNATI,RM-2.0,
451,CINCINNATI,CINCINNATI,SF-4,
452,CINCINNATI,CINCINNATI,RM-2.0,
453,CINCINNATI,CINCINNATI,OG,
454,CINCINNATI,CINCINNATI,RM-0.7,
455,CINCINNATI,CINCINNATI,CC-M,
456,CINCINNATI,CINCINNATI,IR,
457,CINCINNATI,CINCINNATI,RM-2.0,
458,CINCINNATI,CINCINNATI,RM-1.2,
459,CINCINNATI,CINCINNATI,RM-2.0,
460,CINCINNATI,CINCINNATI,ML,
461,CINCINNATI,CINCINNATI,SF-6,
462,CINCINNATI,CINCINNATI,RM-1.2,
463,CINCINNATI,CINCINNATI,RM-1.2,
464,CINCINNATI,CINCINNATI,PR,
465,CINCINNATI,CINCINNATI,PR,
466,CINCINNATI,CINCINNATI,OG,
494,CINCINNATI,CINCINNATI,RM-1.2,
495,CINCINNATI,CINCINNATI,RM-1.2,
496,CINCINNATI,CINCINNATI,PR,
497,CINCINNATI,CINCINNATI,RM-1.2,
498,CINCINNATI,CINCINNATI,SF-4,
499,CINCINNATI,CINCINNATI,PR,
500,CINCINNATI,CINCINNATI,RM-2.0,
501,CINCINNATI,CINCINNATI,SF-2,
502,CINCINNATI,CINCINNATI,SF-20,
503,CINCINNATI,CINCINNATI,RF-M,
504,CINCINNATI,CINCINNATI,CC-A,
505,CINCINNATI,CINCINNATI,RM-1.2,
506,CINCINNATI,CINCINNATI,PR,
507,CINCINNATI,CINCINNATI,T5MS,
508,CINCINNATI,CINCINNATI,T5MS-O,
509,CINCINNATI,CINCINNATI,T3N,
510,CINCINNATI,CINCINNATI,T4N.MF,
479,CINCINNATI,CINCINNATI,RMX,
480,CINCINNATI,CINCINNATI,RM-2.0,
481,CINCINNATI,CINCINNATI,T3E,
482,CINCINNATI,CINCINNATI,T4N.MF-O,
483,CINCINNATI,CINCINNATI,T5N.LS,
484,CINCINNATI,CINCINNATI,RM-2.0,
485,CINCINNATI,CINCINNATI,SF-10,
486,CINCINNATI,CINCINNATI,RF-R,
487,CINCINNATI,CINCINNATI,PR,
488,CINCINNATI,CINCINNATI,PR,
489,CINCINNATI,CINCINNATI,SF-10,
490,CINCINNATI,CINCINNATI,RMX,
491,CINCINNATI,CINCINNATI,PR,
492,CINCINNATI,CINCINNATI,RM-2.0,
493,CINCINNATI,CINCINNATI,CC-M,
777,CINCINNATI,CINCINNATI,PR,
778,CINCINNATI,CINCINNATI,PR,
779,CINCINNATI,CINCINNATI,SF-2,
780,CINCINNATI,CINCINNATI,MG,
781,CINCINNATI,CINCINNATI,SF-4,
782,CINCINNATI,CINCINNATI,PR,
783,CINCINNATI,CINCINNATI,PR,
784,CINCINNATI,CINCINNATI,CN-M,
785,CINCINNATI,CINCINNATI,PR,
786,CINCINNATI,CINCINNATI,RM-0.7,
787,CINCINNATI,CINCINNATI,RM-1.2,
788,CINCINNATI,CINCINNATI,SF-2,
789,CINCINNATI,CINCINNATI,RM-1.2,
903,CINCINNATI,CINCINNATI,RM-0.7,
904,CINCINNATI,CINCINNATI,RM-0.7,
905,CINCINNATI,CINCINNATI,RM-0.7,
906,CINCINNATI,CINCINNATI,RM-0.7,
907,CINCINNATI,CINCINNATI,RM-0.7,
908,CINCINNATI,CINCINNATI,SF-4,
909,CINCINNATI,CINCINNATI,RM-2.0,
910,CINCINNATI,CINCINNATI,CC-A,
911,CINCINNATI,CINCINNATI,CC-A,
912,CINCINNATI,CINCINNATI,ML,
913,CINCINNATI,CINCINNATI,RMX,
520,CINCINNATI,CINCINNATI,RMX,
521,CINCINNATI,CINCINNATI,PR,
522,CINCINNATI,CINCINNATI,RMX,
523,CINCINNATI,CINCINNATI,CC-A,
524,CINCINNATI,CINCINNATI,SF-4,
525,CINCINNATI,CINCINNATI,CC-M,
526,CINCINNATI,CINCINNATI,PR,
527,CINCINNATI,CINCINNATI,RMX,
528,CINCINNATI,CINCINNATI,PR,
529,CINCINNATI,CINCINNATI,SF-6,
530,CINCINNATI,CINCINNATI,RM-0.7,
646,CINCINNATI,CINCINNATI,RM-2.0,
647,CINCINNATI,CINCINNATI,RM-1.2,
648,CINCINNATI,CINCINNATI,CC-M,
649,CINCINNATI,CINCINNATI,RM-2.0,
650,CINCINNATI,CINCINNATI,SF-20,
651,CINCINNATI,CINCINNATI,CC-A,
652,CINCINNATI,CINCINNATI,OL,
653,CINCINNATI,CINCINNATI,PR,
654,CINCINNATI,CINCINNATI,PR,
655,CINCINNATI,CINCINNATI,RM-2.0,
656,CINCINNATI,CINCINNATI,RMX,
657,CINCINNATI,CINCINNATI,OL,
658,CINCINNATI,CINCINNATI,PR,
790,CINCINNATI,CINCINNATI,RMX,
791,CINCINNATI,CINCINNATI,OL,
792,CINCINNATI,CINCINNATI,PR,
793,CINCINNATI,CINCINNATI,RM-2.0,
794,CINCINNATI,CINCINNATI,RM-2.0,
795,CINCINNATI,CINCINNATI,RM-1.2,
796,CINCINNATI,CINCINNATI,SF-4,
797,CINCINNATI,CINCINNATI,CC-M,
798,CINCINNATI,CINCINNATI,CN-P,
799,CINCINNATI,CINCINNATI,CG-A,
914,CINCINNATI,CINCINNATI,SF-4,
915,CINCINNATI,CINCINNATI,ML,
916,CINCINNATI,CINCINNATI,CN-P,
917,CINCINNATI,CINCINNATI,SF-6,
918,CINCINNATI,CINCINNATI,CC-P,
919,CINCINNATI,CINCINNATI,ML,
920,CINCINNATI,CINCINNATI,SF-10,
921,CINCINNATI,CINCINNATI,CN-P,
531,CINCINNATI,CINCINNATI,RM-1.2,
532,CINCINNATI,CINCINNATI,CC-A,
533,CINCINNATI,CINCINNATI,SF-2,
534,CINCINNATI,CINCINNATI,CG-A,
535,CINCINNATI,CINCINNATI,RM-2.0,
659,CINCINNATI,CINCINNATI,RM-0.7,
660,CINCINNATI,CINCINNATI,RM-0.7,
661,CINCINNATI,CINCINNATI,PR,
662,CINCINNATI,CINCINNATI,CC-M,
663,CINCINNATI,CINCINNATI,RM-1.2,
800,CINCINNATI,CINCINNATI,RM-1.2,
801,CINCINNATI,CINCINNATI,RF-R,
802,CINCINNATI,CINCINNATI,RM-2.0,
803,CINCINNATI,CINCINNATI,ML,
804,CINCINNATI,CINCINNATI,CC-A,
922,CINCINNATI,CINCINNATI,RMX,
923,CINCINNATI,CINCINNATI,CC-A,
924,CINCINNATI,CINCINNATI,RM-1.2,
925,CINCINNATI,CINCINNATI,RMX,
926,CINCINNATI,CINCINNATI,RM-2.0,
927,CINCINNATI,CINCINNATI,PR,
536,CINCINNATI,CINCINNATI,OL,
537,CINCINNATI,CINCINNATI,OL,
538,CINCINNATI,CINCINNATI,RM-1.2,
539,CINCINNATI,CINCINNATI,PR,
540,CINCINNATI,CINCINNATI,RM-2.0,
541,CINCINNATI,CINCINNATI,SF-6,
664,CINCINNATI,CINCINNATI,SF-6,
665,CINCINNATI,CINCINNATI,CG-A,
666,CINCINNATI,CINCINNATI,PR,
667,CINCINNATI,CINCINNATI,PR,
668,CINCINNATI,CINCINNATI,PR,
669,CINCINNATI,CINCINNATI,SF-6,
670,CINCINNATI,CINCINNATI,SF-6,
671,CINCINNATI,CINCINNATI,SF-2,
672,CINCINNATI,CINCINNATI,MG,
673,CINCINNATI,CINCINNATI,PR,
805,CINCINNATI,CINCINNATI,RM-0.7,
806,CINCINNATI,CINCINNATI,CG-A,
807,CINCINNATI,CINCINNATI,CN-P,
808,CINCINNATI,CINCINNATI,RM-2.0,
809,CINCINNATI,CINCINNATI,RMX,
810,CINCINNATI,CINCINNATI,CG-A,
811,CINCINNATI,CINCINNATI,SF-6,
812,CINCINNATI,CINCINNATI,CC-P,
813,CINCINNATI,CINCINNATI,RMX,
814,CINCINNATI,CINCINNATI,SF-6,
928,CINCINNATI,CINCINNATI,ML,
929,CINCINNATI,CINCINNATI,RM-2.0,
930,CINCINNATI,CINCINNATI,CN-M,
931,CINCINNATI,CINCINNATI,PR,
932,CINCINNATI,CINCINNATI,CN-M,
933,CINCINNATI,CINCINNATI,RMX,
934,CINCINNATI,CINCINNATI,CC-M,
935,CINCINNATI,CINCINNATI,SF-4,
936,CINCINNATI,CINCINNATI,CC-M,
542,CINCINNATI,CINCINNATI,SF-6,
543,CINCINNATI,CINCINNATI,PR,
544,CINCINNATI,CINCINNATI,PR,
545,CINCINNATI,CINCINNATI,MG,
546,CINCINNATI,CINCINNATI,ML,
547,CINCINNATI,CINCINNATI,RMX,
548,CINCINNATI,CINCINNATI,OL,
549,CINCINNATI,CINCINNATI,RM-1.2,
674,CINCINNATI,CINCINNATI,PR,
675,CINCINNATI,CINCINNATI,PR,
676,CINCINNATI,CINCINNATI,RF-R,
677,CINCINNATI,CINCINNATI,PR,
678,CINCINNATI,CINCINNATI,T3N,
679,CINCINNATI,CINCINNATI,PR,
680,CINCINNATI,CINCINNATI,RMX,
681,CINCINNATI,CINCINNATI,PR,
815,CINCINNATI,CINCINNATI,RM-2.0,
816,CINCINNATI,CINCINNATI,RM-1.2,
817,CINCINNATI,CINCINNATI,RM-0.7,
818,CINCINNATI,CINCINNATI,CN-P,
819,CINCINNATI,CINCINNATI,CC-M,
820,CINCINNATI,CINCINNATI,IR,
955,CINCINNATI,CINCINNATI,PR,
956,CINCINNATI,CINCINNATI,CC-A,
957,CINCINNATI,CINCINNATI,RMX,
958,CINCINNATI,CINCINNATI,RM-1.2,
959,CINCINNATI,CINCINNATI,PR,
960,CINCINNATI,CINCINNATI,SF-20,
961,CINCINNATI,CINCINNATI,RM-0.7,
962,CINCINNATI,CINCINNATI,RMX,
963,CINCINNATI,CINCINNATI,PR,
964,CINCINNATI,CINCINNATI,RM-1.2,
550,CINCINNATI,CINCINNATI,T3E,
551,CINCINNATI,CINCINNATI,T3E,
552,CINCINNATI,CINCINNATI,T3E,
553,CINCINNATI,CINCINNATI,PR,
554,CINCINNATI,CINCINNATI,SF-10,
682,CINCINNATI,CINCINNATI,RM-2.0,
683,CINCINNATI,CINCINNATI,RMX,
684,CINCINNATI,CINCINNATI,RM-2.0,
685,CINCINNATI,CINCINNATI,PR,
821,CINCINNATI,CINCINNATI,SF-2,
822,CINCINNATI,CINCINNATI,SF-6,
823,CINCINNATI,CINCINNATI,CN-M,
824,CINCINNATI,CINCINNATI,SF-10,
825,CINCINNATI,CINCINNATI,CC-P,
826,CINCINNATI,CINCINNATI,PR,
980,CINCINNATI,CINCINNATI,CC-M,
981,CINCINNATI,CINCINNATI,ML,
982,CINCINNATI,CINCINNATI,CC-M,
983,CINCINNATI,CINCINNATI,SF-20,
984,CINCINNATI,CINCINNATI,CN-P,
985,CINCINNATI,CINCINNATI,CN-M,
986,CINCINNATI,CINCINNATI,SF-2,
987,CINCINNATI,CINCINNATI,PR,
555,CINCINNATI,CINCINNATI,OL,
556,CINCINNATI,CINCINNATI,SF-4,
557,CINCINNATI,CINCINNATI,CC-P,
558,CINCINNATI,CINCINNATI,RM-1.2,
559,CINCINNATI,CINCINNATI,RM-2.0,
560,CINCINNATI,CINCINNATI,RF-C,
561,CINCINNATI,CINCINNATI,OL,
562,CINCINNATI,CINCINNATI,SF-2,
686,CINCINNATI,CINCINNATI,RMX,
687,CINCINNATI,CINCINNATI,SF-4,
688,CINCINNATI,CINCINNATI,CC-P,
689,CINCINNATI,CINCINNATI,SF-2,
827,CINCINNATI,CINCINNATI,RMX,
828,CINCINNATI,CINCINNATI,PR,
829,CINCINNATI,CINCINNATI,CC-M,
830,CINCINNATI,CINCINNATI,PR,
831,CINCINNATI,CINCINNATI,CC-M,
832,CINCINNATI,CINCINNATI,SF-4,
833,CINCINNATI,CINCINNATI,RM-2.0,
1012,CINCINNATI,CINCINNATI,SF-2,
1013,CINCINNATI,CINCINNATI,RF-R,
1014,CINCINNATI,CINCINNATI,RMX,
1015,CINCINNATI,CINCINNATI,CG-A,
1016,CINCINNATI,CINCINNATI,ML,
1017,CINCINNATI,CINCINNATI,RF-R,
1018,CINCINNATI,CINCINNATI,MG,
1019,CINCINNATI,CINCINNATI,MG,
1020,CINCINNATI,CINCINNATI,MG,
1021,CINCINNATI,CINCINNATI,MG,
1022,CINCINNATI,CINCINNATI,MG,
1023,CINCINNATI,CINCINNATI,ML,
1024,CINCINNATI,CINCINNATI,CN-P,
1025,CINCINNATI,CINCINNATI,CC-P,
563,CINCINNATI,CINCINNATI,SF-10,
564,CINCINNATI,CINCINNATI,PR,
565,CINCINNATI,CINCINNATI,RF-C,
566,CINCINNATI,CINCINNATI,CN-M,
567,CINCINNATI,CINCINNATI,SF-4,
568,CINCINNATI,CINCINNATI,MG,
569,CINCINNATI,CINCINNATI,SF-4,
570,CINCINNATI,CINCINNATI,CN-M,
571,CINCINNATI,CINCINNATI,SF-2,
690,CINCINNATI,CINCINNATI,SF-6,
691,CINCINNATI,CINCINNATI,PR,
692,CINCINNATI,CINCINNATI,RM-1.2,
693,CINCINNATI,CINCINNATI,CC-A,
694,CINCINNATI,CINCINNATI,SF-2,
695,CINCINNATI,CINCINNATI,CC-A,
696,CINCINNATI,CINCINNATI,RM-1.2,
697,CINCINNATI,CINCINNATI,PR,
698,CINCINNATI,CINCINNATI,T4N.SF,
834,CINCINNATI,CINCINNATI,T4N.SF,
835,CINCINNATI,CINCINNATI,T4N.SF,
836,CINCINNATI,CINCINNATI,T5F,
837,CINCINNATI,CINCINNATI,T4N.MF-O,
838,CINCINNATI,CINCINNATI,T5N.SS-O,
839,CINCINNATI,CINCINNATI,T5N.LS-O,
840,CINCINNATI,CINCINNATI,CN-M,
965,CINCINNATI,CINCINNATI,CC-M,
966,CINCINNATI,CINCINNATI,SF-4,
967,CINCINNATI,CINCINNATI,ML,
968,CINCINNATI,CINCINNATI,SF-2,
572,CINCINNATI,CINCINNATI,CN-M,
573,CINCINNATI,CINCINNATI,T3E,
574,CINCINNATI,CINCINNATI,T4N.MF-O,
575,CINCINNATI,CINCINNATI,T4N.MF-O,
576,CINCINNATI,CINCINNATI,T5N.LS,
577,CINCINNATI,CINCINNATI,T5N.LS,
578,CINCINNATI,CINCINNATI,T5MS,
579,CINCINNATI,CINCINNATI,T5MS-O,
699,CINCINNATI,CINCINNATI,T5N.LS,
700,CINCINNATI,CINCINNATI,T4N.SF-O,
701,CINCINNATI,CINCINNATI,CC-P,
702,CINCINNATI,CINCINNATI,PR,
703,CINCINNATI,CINCINNATI,RM-1.2,
704,CINCINNATI,CINCINNATI,SF-6,
705,CINCINNATI,CINCINNATI,CC-A,
841,CINCINNATI,CINCINNATI,ML,
842,CINCINNATI,CINCINNATI,SF-2,
843,CINCINNATI,CINCINNATI,RM-1.2,
844,CINCINNATI,CINCINNATI,CC-M,
845,CINCINNATI,CINCINNATI,RMX,
846,CINCINNATI,CINCINNATI,OG,
847,CINCINNATI,CINCINNATI,SF-2,
988,CINCINNATI,CINCINNATI,PR,
989,CINCINNATI,CINCINNATI,MG,
990,CINCINNATI,CINCINNATI,RM-0.7,
991,CINCINNATI,CINCINNATI,CN-P,
992,CINCINNATI,CINCINNATI,UM,
993,CINCINNATI,CINCINNATI,RM-0.7,
994,CINCINNATI,CINCINNATI,RM-1.2,
995,CINCINNATI,CINCINNATI,PR,
580,CINCINNATI,CINCINNATI,OL,
581,CINCINNATI,CINCINNATI,RM-1.2,
582,CINCINNATI,CINCINNATI,SF-4,
583,CINCINNATI,CINCINNATI,MG,
584,CINCINNATI,CINCINNATI,RM-1.2,
585,CINCINNATI,CINCINNATI,RM-1.2,
586,CINCINNATI,CINCINNATI,RMX,
706,CINCINNATI,CINCINNATI,CN-M,
707,CINCINNATI,CINCINNATI,SF-20,
708,CINCINNATI,CINCINNATI,SF-4,
709,CINCINNATI,CINCINNATI,CG-A,
710,CINCINNATI,CINCINNATI,SF-6,
711,CINCINNATI,CINCINNATI,PR,
712,CINCINNATI,CINCINNATI,RM-2.0,
848,CINCINNATI,CINCINNATI,IR,
849,CINCINNATI,CINCINNATI,RM-2.0,
850,CINCINNATI,CINCINNATI,RF-M,
851,CINCINNATI,CINCINNATI,PR,
852,CINCINNATI,CINCINNATI,RM-2.0,
853,CINCINNATI,CINCINNATI,RM-2.0,
937,CINCINNATI,CINCINNATI,SF-6,
938,CINCINNATI,CINCINNATI,SF-10,
939,CINCINNATI,CINCINNATI,CN-M,
940,CINCINNATI,CINCINNATI,SF-20,
941,CINCINNATI,CINCINNATI,RM-1.2,
942,CINCINNATI,CINCINNATI,RM-0.7,
943,CINCINNATI,CINCINNATI,RF-R,
944,CINCINNATI,CINCINNATI,ML,
945,CINCINNATI,CINCINNATI,PR,
946,CINCINNATI,CINCINNATI,ME,
947,CINCINNATI,CINCINNATI,CC-A,
948,CINCINNATI,CINCINNATI,RM-2.0,
587,CINCINNATI,CINCINNATI,CN-M,
588,CINCINNATI,CINCINNATI,RMX,
589,CINCINNATI,CINCINNATI,SF-4,
590,CINCINNATI,CINCINNATI,SF-4,
591,CINCINNATI,CINCINNATI,SF-4,
592,CINCINNATI,CINCINNATI,SF-10,
713,CINCINNATI,CINCINNATI,SF-6,
714,CINCINNATI,CINCINNATI,IR,
715,CINCINNATI,CINCINNATI,CC-P,
716,CINCINNATI,CINCINNATI,SF-2,
717,CINCINNATI,CINCINNATI,PR,
718,CINCINNATI,CINCINNATI,PR,
719,CINCINNATI,CINCINNATI,RM-2.0,
720,CINCINNATI,CINCINNATI,PR,
721,CINCINNATI,CINCINNATI,RM-2.0,
722,CINCINNATI,CINCINNATI,PR,
723,CINCINNATI,CINCINNATI,CC-P,
724,CINCINNATI,CINCINNATI,PR,
725,CINCINNATI,CINCINNATI,PR,
726,CINCINNATI,CINCINNATI,PR,
854,CINCINNATI,CINCINNATI,SF-4,
855,CINCINNATI,CINCINNATI,SF-6,
856,CINCINNATI,CINCINNATI,RM-1.2,
857,CINCINNATI,CINCINNATI,CG-A,
858,CINCINNATI,CINCINNATI,IR,
859,CINCINNATI,CINCINNATI,RM-1.2,
860,CINCINNATI,CINCINNATI,SF-2,
861,CINCINNATI,CINCINNATI,PR,
862,CINCINNATI,CINCINNATI,RMX,
863,CINCINNATI,CINCINNATI,PR,
864,CINCINNATI,CINCINNATI,SF-4,
969,CINCINNATI,CINCINNATI,SF-6,
970,CINCINNATI,CINCINNATI,CC-A,
971,CINCINNATI,CINCINNATI,CC-M,
972,CINCINNATI,CINCINNATI,MG,
973,CINCINNATI,CINCINNATI,SF-10,
974,CINCINNATI,CINCINNATI,OL,
975,CINCINNATI,CINCINNATI,PR,
976,CINCINNATI,CINCINNATI,PR,
593,CINCINNATI,CINCINNATI,SF-20,
594,CINCINNATI,CINCINNATI,RM-2.0,
595,CINCINNATI,CINCINNATI,SF-4,
596,CINCINNATI,CINCINNATI,OL,
597,CINCINNATI,CINCINNATI,SF-2,
598,CINCINNATI,CINCINNATI,PR,
599,CINCINNATI,CINCINNATI,PR,
600,CINCINNATI,CINCINNATI,RM-1.2,
601,CINCINNATI,CINCINNATI,PR,
727,CINCINNATI,CINCINNATI,PR,
728,CINCINNATI,CINCINNATI,RM-1.2,
729,CINCINNATI,CINCINNATI,RM-1.2,
730,CINCINNATI,CINCINNATI,RM-1.2,
731,CINCINNATI,CINCINNATI,IR,
732,CINCINNATI,CINCINNATI,CC-A,
733,CINCINNATI,CINCINNATI,MA,
734,CINCINNATI,CINCINNATI,IR,
865,CINCINNATI,CINCINNATI,OL,
866,CINCINNATI,CINCINNATI,CN-M,
867,CINCINNATI,CINCINNATI,SF-6,
868,CINCINNATI,CINCINNATI,RM-2.0,
869,CINCINNATI,CINCINNATI,CC-M,
870,CINCINNATI,CINCINNATI,PR,
996,CINCINNATI,CINCINNATI,RM-2.0,
997,CINCINNATI,CINCINNATI,SF-4,
998,CINCINNATI,CINCINNATI,SF-4,
999,CINCINNATI,CINCINNATI,SF-20,
1000,CINCINNATI,CINCINNATI,PR,
1001,CINCINNATI,CINCINNATI,PR,
1002,CINCINNATI,CINCINNATI,PR,
602,CINCINNATI,CINCINNATI,T3N,
603,CINCINNATI,CINCINNATI,T4N.MF,
604,CINCINNATI,CINCINNATI,T4N.MF,
605,CINCINNATI,CINCINNATI,T4N.MF,
606,CINCINNATI,CINCINNATI,T4N.MF,
607,CINCINNATI,CINCINNATI,T4N.MF,
608,CINCINNATI,CINCINNATI,RM-2.0,
609,CINCINNATI,CINCINNATI,SF-10,
610,CINCINNATI,CINCINNATI,RM-1.2,
611,CINCINNATI,CINCINNATI,CC-M,
612,CINCINNATI,CINCINNATI,ML,
735,CINCINNATI,CINCINNATI,PR,
736,CINCINNATI,CINCINNATI,OL,
737,CINCINNATI,CINCINNATI,RM-2.0,
738,CINCINNATI,CINCINNATI,ML,
739,CINCINNATI,CINCINNATI,OL,
740,CINCINNATI,CINCINNATI,SF-4,
741,CINCINNATI,CINCINNATI,PR,
742,CINCINNATI,CINCINNATI,MG,
743,CINCINNATI,CINCINNATI,PR,
744,CINCINNATI,CINCINNATI,OG,
745,CINCINNATI,CINCINNATI,CN-M,
746,CINCINNATI,CINCINNATI,PR,
747,CINCINNATI,CINCINNATI,PR,
871,CINCINNATI,CINCINNATI,SF-4,
872,CINCINNATI,CINCINNATI,PR,
873,CINCINNATI,CINCINNATI,CC-M,
874,CINCINNATI,CINCINNATI,T4N.SF-O,
875,CINCINNATI,CINCINNATI,T4N.SF-O,
876,CINCINNATI,CINCINNATI,T4N.MF-O,
877,CINCINNATI,CINCINNATI,T4N.MF-O,
878,CINCINNATI,CINCINNATI,T4N.MF-O,
949,CINCINNATI,CINCINNATI,SF-6,
950,CINCINNATI,CINCINNATI,IR,
951,CINCINNATI,CINCINNATI,RM-1.2,
952,CINCINNATI,CINCINNATI,RF-R,
953,CINCINNATI,CINCINNATI,RM-1.2,
954,CINCINNATI,CINCINNATI,MG,
613,CINCINNATI,CINCINNATI,PR,
614,CINCINNATI,CINCINNATI,ML,
615,CINCINNATI,CINCINNATI,RM-2.0,
616,CINCINNATI,CINCINNATI,CN-P,
617,CINCINNATI,CINCINNATI,PR,
618,CINCINNATI,CINCINNATI,SF-4,
619,CINCINNATI,CINCINNATI,OL,
620,CINCINNATI,CINCINNATI,SF-10,
621,CINCINNATI,CINCINNATI,CC-P,
622,CINCINNATI,CINCINNATI,MG,
748,CINCINNATI,CINCINNATI,SF-20,
749,CINCINNATI,CINCINNATI,RM-1.2,
750,CINCINNATI,CINCINNATI,SF-10,
751,CINCINNATI,CINCINNATI,RM-2.0,
752,CINCINNATI,CINCINNATI,RM-2.0,
753,CINCINNATI,CINCINNATI,RM-1.2,
754,CINCINNATI,CINCINNATI,SF-4,
755,CINCINNATI,CINCINNATI,PR,
756,CINCINNATI,CINCINNATI,SF-2,
757,CINCINNATI,CINCINNATI,CN-P,
879,CINCINNATI,CINCINNATI,T4N.SF,
880,CINCINNATI,CINCINNATI,T4N.SF,
881,CINCINNATI,CINCINNATI,T4N.MF,
882,CINCINNATI,CINCINNATI,RM-1.2,
883,CINCINNATI,CINCINNATI,RM-1.2,
884,CINCINNATI,CINCINNATI,CG-A,
885,CINCINNATI,CINCINNATI,PR,
886,CINCINNATI,CINCINNATI,T5N.SS-O,
977,CINCINNATI,CINCINNATI,RM-2.0,
978,CINCINNATI,CINCINNATI,RM-2.0,
979,CINCINNATI,CINCINNATI,RM-2.0,
623,CINCINNATI,CINCINNATI,RMX,
624,CINCINNATI,CINCINNATI,PR,
625,CINCINNATI,CINCINNATI,RM-2.0,
626,CINCINNATI,CINCINNATI,SF-10,
627,CINCINNATI,CINCINNATI,RM-2.0,
628,CINCINNATI,CINCINNATI,SF-6,
629,CINCINNATI,CINCINNATI,PR,
758,CINCINNATI,CINCINNATI,PR,
759,CINCINNATI,CINCINNATI,PR,
760,CINCINNATI,CINCINNATI,SF-6,
761,CINCINNATI,CINCINNATI,SF-2,
762,CINCINNATI,CINCINNATI,RMX,
763,CINCINNATI,CINCINNATI,SF-6,
764,CINCINNATI,CINCINNATI,CN-P,
765,CINCINNATI,CINCINNATI,CN-P,
766,CINCINNATI,CINCINNATI,SF-6,
887,CINCINNATI,CINCINNATI,T5N.LS-O,
888,CINCINNATI,CINCINNATI,SF-4,
889,CINCINNATI,CINCINNATI,SF-10,
890,CINCINNATI,CINCINNATI,RMX,
891,CINCINNATI,CINCINNATI,SF-2,
892,CINCINNATI,CINCINNATI,SF-20,
1003,CINCINNATI,CINCINNATI,PR,
1004,CINCINNATI,CINCINNATI,SF-20,
1005,CINCINNATI,CINCINNATI,PR,
1006,CINCINNATI,CINCINNATI,SF-20,
1007,CINCINNATI,CINCINNATI,CC-P,
1008,CINCINNATI,CINCINNATI,CC-P,
1009,CINCINNATI,CINCINNATI,RF-R,
1010,CINCINNATI,CINCINNATI,CN-M,
1011,CINCINNATI,CINCINNATI,SF-2,
630,CINCINNATI,CINCINNATI,PR,
631,CINCINNATI,CINCINNATI,CC-M,
632,CINCINNATI,CINCINNATI,SF-10,
633,CINCINNATI,CINCINNATI,T5MS,
634,CINCINNATI,CINCINNATI,T4N.MF-O,
635,CINCINNATI,CINCINNATI,T5MS-O,
636,CINCINNATI,CINCINNATI,T5N.SS,
637,CINCINNATI,CINCINNATI,T5N.SS-O,
767,CINCINNATI,CINCINNATI,RF-C,
768,CINCINNATI,CINCINNATI,CN-P,
769,CINCINNATI,CINCINNATI,RM-2.0,
770,CINCINNATI,CINCINNATI,OL,
771,CINCINNATI,CINCINNATI,RM-2.0,
772,CINCINNATI,CINCINNATI,MG,
773,CINCINNATI,CINCINNATI,RMX,
774,CINCINNATI,CINCINNATI,CN-P,
775,CINCINNATI,CINCINNATI,RM-2.0,
776,CINCINNATI,CINCINNATI,CC-M,
893,CINCINNATI,CINCINNATI,SF-10,
894,CINCINNATI,CINCINNATI,RM-2.0,
895,CINCINNATI,CINCINNATI,SF-6,
896,CINCINNATI,CINCINNATI,PR,
897,CINCINNATI,CINCINNATI,RMX,
898,CINCINNATI,CINCINNATI,RF-R,
899,CINCINNATI,CINCINNATI,SF-4,
900,CINCINNATI,CINCINNATI,IR,
901,CINCINNATI,CINCINNATI,SF-10,
902,CINCINNATI,CINCINNATI,SF-6,
511,CINCINNATI,CINCINNATI,PR,
512,CINCINNATI,CINCINNATI,RM-2.0,
513,CINCINNATI,CINCINNATI,CC-M,
514,CINCINNATI,CINCINNATI,PR,
515,CINCINNATI,CINCINNATI,PR,
516,CINCINNATI,CINCINNATI,RM-1.2,
517,CINCINNATI,CINCINNATI,RMX,
518,CINCINNATI,CINCINNATI,RMX,
519,CINCINNATI,CINCINNATI,OL,
638,CINCINNATI,CINCINNATI,RMX,
639,CINCINNATI,CINCINNATI,PR,
640,CINCINNATI,CINCINNATI,RM-2.0,
641,CINCINNATI,CINCINNATI,OL,
642,CINCINNATI,CINCINNATI,CC-A,
643,CINCINNATI,CINCINNATI,PR,
644,CINCINNATI,CINCINNATI,CG-A,
645,CINCINNATI,CINCINNATI,CC-M,
1302,CINCINNATI,CINCINNATI,RF-C,
1303,CINCINNATI,CINCINNATI,CN-M,
1304,CINCINNATI,CINCINNATI,PR,
1305,CINCINNATI,CINCINNATI,SF-6,
1306,CINCINNATI,CINCINNATI,RMX,
1307,CINCINNATI,CINCINNATI,SF-10,
1308,CINCINNATI,CINCINNATI,PR,
1309,CINCINNATI,CINCINNATI,ML,
1431,CINCINNATI,CINCINNATI,MG,
1432,CINCINNATI,CINCINNATI,SF-2,
1433,CINCINNATI,CINCINNATI,SF-6,
1434,CINCINNATI,CINCINNATI,SF-2,
1435,CINCINNATI,CINCINNATI,RM-0.7,
1034,CINCINNATI,CINCINNATI,SF-10,
1035,CINCINNATI,CINCINNATI,RM-1.2,
1036,CINCINNATI,CINCINNATI,RM-1.2,
1037,CINCINNATI,CINCINNATI,RM-2.0,
1038,CINCINNATI,CINCINNATI,PR,
1039,CINCINNATI,CINCINNATI,PR,
1184,CINCINNATI,CINCINNATI,CC-M,
1185,CINCINNATI,CINCINNATI,CC-M,
1186,CINCINNATI,CINCINNATI,SF-2,
1187,CINCINNATI,CINCINNATI,PR,
1188,CINCINNATI,CINCINNATI,RM-2.0,
1189,CINCINNATI,CINCINNATI,SF-4,
1190,CINCINNATI,CINCINNATI,PR,
1191,CINCINNATI,CINCINNATI,PR,
1192,CINCINNATI,CINCINNATI,RMX,
1193,CINCINNATI,CINCINNATI,RM-2.0,
1194,CINCINNATI,CINCINNATI,RM-1.2,
1310,CINCINNATI,CINCINNATI,PR,
1311,CINCINNATI,CINCINNATI,SF-6,
1312,CINCINNATI,CINCINNATI,CN-P,
1313,CINCINNATI,CINCINNATI,RM-1.2,
1314,CINCINNATI,CINCINNATI,PR,
1315,CINCINNATI,CINCINNATI,CC-M,
1316,CINCINNATI,CINCINNATI,RM-1.2,
1317,CINCINNATI,CINCINNATI,PR,
1318,CINCINNATI,CINCINNATI,CC-M,
1319,CINCINNATI,CINCINNATI,SF-2,
1436,CINCINNATI,CINCINNATI,PR,
1437,CINCINNATI,CINCINNATI,RM-2.0,
1438,CINCINNATI,CINCINNATI,PR,
1439,CINCINNATI,CINCINNATI,RM-2.0,
1440,CINCINNATI,CINCINNATI,PR,
1441,CINCINNATI,CINCINNATI,RM-1.2,
1442,CINCINNATI,CINCINNATI,RM-2.0,
1443,CINCINNATI,CINCINNATI,CG-A,
1444,CINCINNATI,CINCINNATI,OL,
1445,CINCINNATI,CINCINNATI,T5N.LS-O,
1040,CINCINNATI,CINCINNATI,T3E,
1041,CINCINNATI,CINCINNATI,T5MS-O,
1042,CINCINNATI,CINCINNATI,T5N.SS-O,
1043,CINCINNATI,CINCINNATI,T5N.SS-O,
1044,CINCINNATI,CINCINNATI,T4N.MF-O,
1045,CINCINNATI,CINCINNATI,T3N,
1046,CINCINNATI,CINCINNATI,T4N.SF,
1047,CINCINNATI,CINCINNATI,RM-1.2,
1048,CINCINNATI,CINCINNATI,IR,
1049,CINCINNATI,CINCINNATI,ML,
1195,CINCINNATI,CINCINNATI,RM-2.0,
1196,CINCINNATI,CINCINNATI,IR,
1197,CINCINNATI,CINCINNATI,SF-4,
1198,CINCINNATI,CINCINNATI,CC-P,
1199,CINCINNATI,CINCINNATI,SF-6,
1200,CINCINNATI,CINCINNATI,CC-M,
1201,CINCINNATI,CINCINNATI,CN-P,
1320,CINCINNATI,CINCINNATI,CN-P,
1321,CINCINNATI,CINCINNATI,SF-10,
1322,CINCINNATI,CINCINNATI,SF-10,
1323,CINCINNATI,CINCINNATI,RMX,
1324,CINCINNATI,CINCINNATI,RMX,
1325,CINCINNATI,CINCINNATI,SF-6,
1326,CINCINNATI,CINCINNATI,PR,
1446,CINCINNATI,CINCINNATI,T5MS,
1447,CINCINNATI,CINCINNATI,T4N.MF,
1448,CINCINNATI,CINCINNATI,T5N.SS-O,
1449,CINCINNATI,CINCINNATI,T5MS-O,
1450,CINCINNATI,CINCINNATI,RM-1.2,
1451,CINCINNATI,CINCINNATI,RM-1.2,
1452,CINCINNATI,CINCINNATI,SF-2,
1453,CINCINNATI,CINCINNATI,RM-1.2,
1454,CINCINNATI,CINCINNATI,RM-1.2,
1050,CINCINNATI,CINCINNATI,RM-2.0,
1051,CINCINNATI,CINCINNATI,SF-10,
1052,CINCINNATI,CINCINNATI,CN-P,
1053,CINCINNATI,CINCINNATI,SF-6,
1054,CINCINNATI,CINCINNATI,CC-A,
1055,CINCINNATI,CINCINNATI,SF-4,
1056,CINCINNATI,CINCINNATI,PR,
1057,CINCINNATI,CINCINNATI,PR,
1058,CINCINNATI,CINCINNATI,RF-R,
1059,CINCINNATI,CINCINNATI,PR,
1060,CINCINNATI,CINCINNATI,CG-A,
1061,CINCINNATI,CINCINNATI,CN-M,
1062,CINCINNATI,CINCINNATI,ML,
1202,CINCINNATI,CINCINNATI,CC-M,
1203,CINCINNATI,CINCINNATI,SF-6,
1204,CINCINNATI,CINCINNATI,OL,
1205,CINCINNATI,CINCINNATI,CC-P,
1327,CINCINNATI,CINCINNATI,SF-20,
1328,CINCINNATI,CINCINNATI,CN-P,
1329,CINCINNATI,CINCINNATI,SF-10,
1330,CINCINNATI,CINCINNATI,SF-10,
1331,CINCINNATI,CINCINNATI,SF-10,
1455,CINCINNATI,CINCINNATI,RM-0.7,
1456,CINCINNATI,CINCINNATI,CC-A,
1457,CINCINNATI,CINCINNATI,PR,
1458,CINCINNATI,CINCINNATI,CC-A,
1459,CINCINNATI,CINCINNATI,IR,
1460,CINCINNATI,CINCINNATI,SF-6,
1461,CINCINNATI,CINCINNATI,RM-2.0,
1462,CINCINNATI,CINCINNATI,CN-M,
1463,CINCINNATI,CINCINNATI,RF-R,
1063,CINCINNATI,CINCINNATI,CG-A,
1064,CINCINNATI,CINCINNATI,PR,
1065,CINCINNATI,CINCINNATI,MG,
1066,CINCINNATI,CINCINNATI,RM-0.7,
1067,CINCINNATI,CINCINNATI,OL,
1068,CINCINNATI,CINCINNATI,PR,
1069,CINCINNATI,CINCINNATI,RMX,
1070,CINCINNATI,CINCINNATI,SF-4,
1071,CINCINNATI,CINCINNATI,RMX,
1206,CINCINNATI,CINCINNATI,PR,
1207,CINCINNATI,CINCINNATI,SF-2,
1208,CINCINNATI,CINCINNATI,SF-10,
1209,CINCINNATI,CINCINNATI,SF-10,
1210,CINCINNATI,CINCINNATI,SF-10,
1211,CINCINNATI,CINCINNATI,RM-1.2,
1212,CINCINNATI,CINCINNATI,SF-4,
1213,CINCINNATI,CINCINNATI,SF-6,
1332,CINCINNATI,CINCINNATI,SF-10,
1333,CINCINNATI,CINCINNATI,SF-10,
1334,CINCINNATI,CINCINNATI,SF-20,
1335,CINCINNATI,CINCINNATI,RM-0.7,
1336,CINCINNATI,CINCINNATI,IR,
1337,CINCINNATI,CINCINNATI,CC-M,
1338,CINCINNATI,CINCINNATI,SF-6,
1339,CINCINNATI,CINCINNATI,SF-4,
1489,CINCINNATI,CINCINNATI,SF-2,
1490,CINCINNATI,CINCINNATI,SF-10,
1491,CINCINNATI,CINCINNATI,RM-1.2,
1492,CINCINNATI,CINCINNATI,RMX,
1493,CINCINNATI,CINCINNATI,SF-6,
1494,CINCINNATI,CINCINNATI,SF-2,
1495,CINCINNATI,CINCINNATI,RMX,
1496,CINCINNATI,CINCINNATI,SF-6,
1072,CINCINNATI,CINCINNATI,SF-6,
1073,CINCINNATI,CINCINNATI,OL,
1074,CINCINNATI,CINCINNATI,SF-4,
1075,CINCINNATI,CINCINNATI,T3N,
1076,CINCINNATI,CINCINNATI,T4N.MF,
1077,CINCINNATI,CINCINNATI,SF-6,
1078,CINCINNATI,CINCINNATI,SF-20,
1079,CINCINNATI,CINCINNATI,OL,
1214,CINCINNATI,CINCINNATI,SF-2,
1215,CINCINNATI,CINCINNATI,PR,
1216,CINCINNATI,CINCINNATI,RF-R,
1217,CINCINNATI,CINCINNATI,SF-6,
1218,CINCINNATI,CINCINNATI,RMX,
1340,CINCINNATI,CINCINNATI,CG-A,
1341,CINCINNATI,CINCINNATI,SF-20,
1342,CINCINNATI,CINCINNATI,PR,
1343,CINCINNATI,CINCINNATI,ML,
1344,CINCINNATI,CINCINNATI,OL,
1345,CINCINNATI,CINCINNATI,SF-4,
1346,CINCINNATI,CINCINNATI,RM-2.0,
1347,CINCINNATI,CINCINNATI,RF-M,
1528,CINCINNATI,CINCINNATI,SF-10,
1529,CINCINNATI,CINCINNATI,CN-M,
1530,CINCINNATI,CINCINNATI,CC-A,
1531,CINCINNATI,CINCINNATI,CC-P,
1532,CINCINNATI,CINCINNATI,RM-2.0,
1533,CINCINNATI,CINCINNATI,OL,
1534,CINCINNATI,CINCINNATI,CG-A,
1535,CINCINNATI,CINCINNATI,CG-A,
1080,CINCINNATI,CINCINNATI,CG-A,
1081,CINCINNATI,CINCINNATI,PR,
1082,CINCINNATI,CINCINNATI,RM-2.0,
1083,CINCINNATI,CINCINNATI,PR,
1084,CINCINNATI,CINCINNATI,RM-0.7,
1085,CINCINNATI,CINCINNATI,SF-4,
1219,CINCINNATI,CINCINNATI,RMX,
1220,CINCINNATI,CINCINNATI,CN-P,
1221,CINCINNATI,CINCINNATI,SF-2,
1222,CINCINNATI,CINCINNATI,SF-20,
1223,CINCINNATI,CINCINNATI,PR,
1224,CINCINNATI,CINCINNATI,ML,
1225,CINCINNATI,CINCINNATI,SF-4,
1348,CINCINNATI,CINCINNATI,CC-M,
1349,CINCINNATI,CINCINNATI,SF-20,
1350,CINCINNATI,CINCINNATI,OL,
1351,CINCINNATI,CINCINNATI,RM-1.2,
1352,CINCINNATI,CINCINNATI,MG,
1353,CINCINNATI,CINCINNATI,SF-4,
1354,CINCINNATI,CINCINNATI,PR,
1355,CINCINNATI,CINCINNATI,RM-0.7,
1557,CINCINNATI,CINCINNATI,RMX,
1558,CINCINNATI,CINCINNATI,SF-10,
1559,CINCINNATI,CINCINNATI,SF-6,
1560,CINCINNATI,CINCINNATI,OL,
1561,CINCINNATI,CINCINNATI,RM-1.2,
1562,CINCINNATI,CINCINNATI,SF-20,
1563,CINCINNATI,CINCINNATI,RM-1.2,
1086,CINCINNATI,CINCINNATI,RM-2.0,
1087,CINCINNATI,CINCINNATI,CN-P,
1088,CINCINNATI,CINCINNATI,CN-P,
1089,CINCINNATI,CINCINNATI,SF-4,
1090,CINCINNATI,CINCINNATI,PR,
1091,CINCINNATI,CINCINNATI,PR,
1092,CINCINNATI,CINCINNATI,SF-6,
1226,CINCINNATI,CINCINNATI,CG-A,
1227,CINCINNATI,CINCINNATI,SF-4,
1228,CINCINNATI,CINCINNATI,ML,
1229,CINCINNATI,CINCINNATI,CN-M,
1230,CINCINNATI,CINCINNATI,SF-10,
1231,CINCINNATI,CINCINNATI,SF-20,
1232,CINCINNATI,CINCINNATI,CN-P,
1233,CINCINNATI,CINCINNATI,CC-P,
1234,CINCINNATI,CINCINNATI,SF-6,
1235,CINCINNATI,CINCINNATI,SF-20,
1236,CINCINNATI,CINCINNATI,SF-20,
1237,CINCINNATI,CINCINNATI,SF-20,
1356,CINCINNATI,CINCINNATI,RM-2.0,
1357,CINCINNATI,CINCINNATI,CC-M,
1358,CINCINNATI,CINCINNATI,MG,
1359,CINCINNATI,CINCINNATI,RM-0.7,
1360,CINCINNATI,CINCINNATI,SF-10,
1361,CINCINNATI,CINCINNATI,CN-P,
1362,CINCINNATI,CINCINNATI,PR,
1363,CINCINNATI,CINCINNATI,PR,
1364,CINCINNATI,CINCINNATI,PR,
1497,CINCINNATI,CINCINNATI,PR,
1498,CINCINNATI,CINCINNATI,SF-6,
1499,CINCINNATI,CINCINNATI,SF-4,
1500,CINCINNATI,CINCINNATI,CC-P,
1501,CINCINNATI,CINCINNATI,CN-M,
1502,CINCINNATI,CINCINNATI,CN-M,
1503,CINCINNATI,CINCINNATI,SF-6,
1504,CINCINNATI,CINCINNATI,SF-4,
1505,CINCINNATI,CINCINNATI,SF-6,
1506,CINCINNATI,CINCINNATI,CC-A,
1507,CINCINNATI,CINCINNATI,ML,
1508,CINCINNATI,CINCINNATI,PR,
1093,CINCINNATI,CINCINNATI,RM-1.2,
1094,CINCINNATI,CINCINNATI,PR,
1095,CINCINNATI,CINCINNATI,RM-2.0,
1096,CINCINNATI,CINCINNATI,IR,
1097,CINCINNATI,CINCINNATI,SF-6,
1098,CINCINNATI,CINCINNATI,CC-P,
1099,CINCINNATI,CINCINNATI,PR,
1100,CINCINNATI,CINCINNATI,RMX,
1101,CINCINNATI,CINCINNATI,CC-A,
1102,CINCINNATI,CINCINNATI,SF-20,
1103,CINCINNATI,CINCINNATI,SF-4,
1104,CINCINNATI,CINCINNATI,CN-P,
1105,CINCINNATI,CINCINNATI,SF-6,
1238,CINCINNATI,CINCINNATI,CN-P,
1239,CINCINNATI,CINCINNATI,CN-M,
1240,CINCINNATI,CINCINNATI,MG,
1241,CINCINNATI,CINCINNATI,T4N.SF-O,
1242,CINCINNATI,CINCINNATI,T5MS,
1243,CINCINNATI,CINCINNATI,T4N.MF,
1244,CINCINNATI,CINCINNATI,T5N.SS-O,
1245,CINCINNATI,CINCINNATI,T3N,
1246,CINCINNATI,CINCINNATI,PR,
1247,CINCINNATI,CINCINNATI,CN-M,
1248,CINCINNATI,CINCINNATI,RMX,
1365,CINCINNATI,CINCINNATI,IR,
1366,CINCINNATI,CINCINNATI,DD,
1367,CINCINNATI,CINCINNATI,IR,
1368,CINCINNATI,CINCINNATI,IR,
1369,CINCINNATI,CINCINNATI,SF-10,
1370,CINCINNATI,CINCINNATI,T3N,
1536,CINCINNATI,CINCINNATI,RM-1.2,
1537,CINCINNATI,CINCINNATI,PR,
1538,CINCINNATI,CINCINNATI,RM-2.0,
1539,CINCINNATI,CINCINNATI,MG,
1540,CINCINNATI,CINCINNATI,RM-2.0,
1541,CINCINNATI,CINCINNATI,PR,
1542,CINCINNATI,CINCINNATI,OL,
1106,CINCINNATI,CINCINNATI,SF-6,
1107,CINCINNATI,CINCINNATI,SF-6,
1108,CINCINNATI,CINCINNATI,PR,
1109,CINCINNATI,CINCINNATI,RM-0.7,
1110,CINCINNATI,CINCINNATI,OL,
1111,CINCINNATI,CINCINNATI,ML,
1112,CINCINNATI,CINCINNATI,RM-2.0,
1113,CINCINNATI,CINCINNATI,RM-1.2,
1114,CINCINNATI,CINCINNATI,PR,
1115,CINCINNATI,CINCINNATI,SF-20,
1116,CINCINNATI,CINCINNATI,SF-20,
1117,CINCINNATI,CINCINNATI,SF-10,
1118,CINCINNATI,CINCINNATI,CC-M,
1249,CINCINNATI,CINCINNATI,PR,
1250,CINCINNATI,CINCINNATI,PR,
1251,CINCINNATI,CINCINNATI,SF-6,
1252,CINCINNATI,CINCINNATI,CC-A,
1253,CINCINNATI,CINCINNATI,SF-4,
1254,CINCINNATI,CINCINNATI,SF-6,
1255,CINCINNATI,CINCINNATI,OL,
1371,CINCINNATI,CINCINNATI,T3N,
1372,CINCINNATI,CINCINNATI,T5MS-O,
1373,CINCINNATI,CINCINNATI,T5MS-O,
1374,CINCINNATI,CINCINNATI,T5MS-O,
1375,CINCINNATI,CINCINNATI,T5MS-O,
1376,CINCINNATI,CINCINNATI,T5MS-O,
1377,CINCINNATI,CINCINNATI,RMX,
1378,CINCINNATI,CINCINNATI,RMX,
1379,CINCINNATI,CINCINNATI,OL,
1464,CINCINNATI,CINCINNATI,RM-2.0,
1465,CINCINNATI,CINCINNATI,PR,
1466,CINCINNATI,CINCINNATI,SF-4,
1467,CINCINNATI,CINCINNATI,CN-P,
1468,CINCINNATI,CINCINNATI,SF-2,
1469,CINCINNATI,CINCINNATI,CN-P,
1470,HCRPC,GREETP,A-2 PUD,
1471,HCRPC,GREETP,E PUD,
1472,HCRPC,GREETP,DD,
1473,HCRPC,GREETP,OO,
1119,CINCINNATI,CINCINNATI,CN-P,
1120,CINCINNATI,CINCINNATI,CN-P,
1121,CINCINNATI,CINCINNATI,SF-6,
1122,CINCINNATI,CINCINNATI,SF-10,
1123,CINCINNATI,CINCINNATI,SF-4,
1124,CINCINNATI,CINCINNATI,RM-0.7,
1125,CINCINNATI,CINCINNATI,T5MS-O,
1126,CINCINNATI,CINCINNATI,T4N.MF-O,
1127,CINCINNATI,CINCINNATI,CN-M,
1256,CINCINNATI,CINCINNATI,RM-2.0,
1257,CINCINNATI,CINCINNATI,RM-0.7,
1258,CINCINNATI,CINCINNATI,SF-4,
1259,CINCINNATI,CINCINNATI,CC-M,
1260,CINCINNATI,CINCINNATI,PR,
1261,CINCINNATI,CINCINNATI,SF-4,
1262,CINCINNATI,CINCINNATI,RM-1.2,
1263,CINCINNATI,CINCINNATI,RF-R,
1380,CINCINNATI,CINCINNATI,RM-2.0,
1381,CINCINNATI,CINCINNATI,PR,
1382,CINCINNATI,CINCINNATI,SF-2,
1383,CINCINNATI,CINCINNATI,SF-6,
1384,CINCINNATI,CINCINNATI,SF-6,
1385,CINCINNATI,CINCINNATI,MG,
1386,CINCINNATI,CINCINNATI,RM-2.0,
1387,CINCINNATI,CINCINNATI,SF-4,
1388,CINCINNATI,CINCINNATI,CC-M,
1509,CINCINNATI,CINCINNATI,RM-1.2,
1510,CINCINNATI,CINCINNATI,RM-2.0,
1511,HCRPC,GREETP,OO,
1512,HCRPC,COLUTP,F,
1513,HCRPC,COLUTP,A,
1514,HCRPC,COLUTP,H,
1515,HCRPC,GREETP,B,
1516,HCRPC,GREETP,C,
1517,HCRPC,GREETP,B,
1518,HCRPC,GREETP,O,
1519,HCRPC,GREETP,OO,
1128,CINCINNATI,CINCINNATI,SF-4,
1129,CINCINNATI,CINCINNATI,CN-M,
1130,CINCINNATI,CINCINNATI,PR,
1131,CINCINNATI,CINCINNATI,SF-4,
1132,CINCINNATI,CINCINNATI,CC-P,
1133,CINCINNATI,CINCINNATI,SF-4,
1134,CINCINNATI,CINCINNATI,RMX,
1135,CINCINNATI,CINCINNATI,SF-10,
1264,CINCINNATI,CINCINNATI,CC-A,
1265,CINCINNATI,CINCINNATI,RM-2.0,
1266,CINCINNATI,CINCINNATI,CC-A,
1267,CINCINNATI,CINCINNATI,CC-P,
1268,CINCINNATI,CINCINNATI,OL,
1269,CINCINNATI,CINCINNATI,CC-P,
1270,CINCINNATI,CINCINNATI,CC-P,
1271,CINCINNATI,CINCINNATI,RM-0.7,
1272,CINCINNATI,CINCINNATI,CC-P,
1273,CINCINNATI,CINCINNATI,CC-A,
1274,CINCINNATI,CINCINNATI,CC-A,
1275,CINCINNATI,CINCINNATI,RM-2.0,
1389,CINCINNATI,CINCINNATI,RMX,
1390,CINCINNATI,CINCINNATI,SF-20,
1391,CINCINNATI,CINCINNATI,SF-2,
1392,CINCINNATI,CINCINNATI,ML,
1393,CINCINNATI,CINCINNATI,CC-A,
1543,HCRPC,GREETP,E PUD,
1544,HCRPC,HARRTP,EE SPI-SC,
1545,HCRPC,COLUTP,F PUD SPI-SC,
1546,HCRPC,COLUTP,E SPI-SC,
1547,HCRPC,COLUTP,G,
1548,HCRPC,GREETP,A PUD,
1549,HCRPC,COLUTP,F PUD SPI-SC,
1550,HCRPC,MIAMTP,EE,
1551,HCRPC,GREETP,E,
1552,HCRPC,COLUTP,E PUD SPI-SC,
1136,CINCINNATI,CINCINNATI,CC-P,
1137,CINCINNATI,CINCINNATI,OL,
1138,CINCINNATI,CINCINNATI,RM-2.0,
1139,CINCINNATI,CINCINNATI,CC-M,
1140,CINCINNATI,CINCINNATI,CN-M,
1141,CINCINNATI,CINCINNATI,SF-10,
1276,CINCINNATI,CINCINNATI,T3N,
1277,CINCINNATI,CINCINNATI,RM-0.7,
1278,CINCINNATI,CINCINNATI,RM-0.7,
1279,CINCINNATI,CINCINNATI,T4N.SF-O,
1280,CINCINNATI,CINCINNATI,T4N.SF-O,
1281,CINCINNATI,CINCINNATI,IR,
1394,CINCINNATI,CINCINNATI,ML,
1395,CINCINNATI,CINCINNATI,SF-2,
1396,CINCINNATI,CINCINNATI,ML,
1397,CINCINNATI,CINCINNATI,SF-6,
1398,CINCINNATI,CINCINNATI,CN-P,
1399,CINCINNATI,CINCINNATI,OL,
1400,CINCINNATI,CINCINNATI,CN-P,
1401,CINCINNATI,CINCINNATI,SF-2,
1402,CINCINNATI,CINCINNATI,CN-P,
1403,CINCINNATI,CINCINNATI,RM-0.7,
1404,CINCINNATI,CINCINNATI,SF-6,
1405,CINCINNATI,CINCINNATI,SF-20,
1474,HCRPC,GREETP,EE,
1475,HCRPC,COLUTP,F SPI-SC,
1476,HCRPC,GREETP,E PUD,
1477,HCRPC,HARRTP,FF,
1478,HCRPC,GREETP,B,
1479,HCRPC,GREETP,EE,
1480,CINCINNATI,CINCINNATI,OG,
1481,CINCINNATI,CINCINNATI,SF-4,
1482,CINCINNATI,CINCINNATI,SF-20,
1483,CINCINNATI,CINCINNATI,SF-6,
1484,CINCINNATI,CINCINNATI,SF-10,
1485,CINCINNATI,CINCINNATI,PR,
1486,CINCINNATI,CINCINNATI,OL,
1487,CINCINNATI,CINCINNATI,SF-10,
1488,CINCINNATI,CINCINNATI,SF-6,
1142,CINCINNATI,CINCINNATI,SF-10,
1143,CINCINNATI,CINCINNATI,SF-10,
1144,CINCINNATI,CINCINNATI,T5MS,
1145,CINCINNATI,CINCINNATI,RM-0.7,
1146,CINCINNATI,CINCINNATI,CN-M,
1147,CINCINNATI,CINCINNATI,CN-M,
1148,CINCINNATI,CINCINNATI,T4N.SF,
1149,CINCINNATI,CINCINNATI,RMX,
1150,CINCINNATI,CINCINNATI,RM-1.2,
1282,CINCINNATI,CINCINNATI,PR,
1283,CINCINNATI,CINCINNATI,RM-0.7,
1284,CINCINNATI,CINCINNATI,SF-4,
1285,CINCINNATI,CINCINNATI,MG,
1286,CINCINNATI,CINCINNATI,CC-A,
1287,CINCINNATI,CINCINNATI,SF-4,
1288,CINCINNATI,CINCINNATI,RM-2.0,
1289,CINCINNATI,CINCINNATI,SF-6,
1406,CINCINNATI,CINCINNATI,CC-M,
1407,CINCINNATI,CINCINNATI,CC-M,
1408,CINCINNATI,CINCINNATI,PR,
1409,CINCINNATI,CINCINNATI,SF-10,
1410,CINCINNATI,CINCINNATI,RM-1.2,
1411,CINCINNATI,CINCINNATI,OL,
1412,CINCINNATI,CINCINNATI,SF-6,
1520,HCRPC,GREETP,B-2 CUP,
1521,CINCINNATI,CINCINNATI,RM-0.7,
1522,CINCINNATI,CINCINNATI,SF-20,
1523,CINCINNATI,CINCINNATI,SF-4,
1524,CINCINNATI,CINCINNATI,RM-1.2,
1525,CINCINNATI,CINCINNATI,PR,
1526,CINCINNATI,CINCINNATI,IR,
1527,CINCINNATI,CINCINNATI,SF-4,
1151,CINCINNATI,CINCINNATI,RMX,
1152,CINCINNATI,CINCINNATI,CN-P,
1153,CINCINNATI,CINCINNATI,MG,
1154,CINCINNATI,CINCINNATI,SF-4,
1155,CINCINNATI,CINCINNATI,SF-6,
1156,CINCINNATI,CINCINNATI,OL,
1157,CINCINNATI,CINCINNATI,RM-2.0,
1158,CINCINNATI,CINCINNATI,RMX,
1159,CINCINNATI,CINCINNATI,RM-0.7,
1160,CINCINNATI,CINCINNATI,CC-P,
1161,CINCINNATI,CINCINNATI,RM-1.2,
1290,CINCINNATI,CINCINNATI,RMX,
1291,CINCINNATI,CINCINNATI,SF-4,
1292,CINCINNATI,CINCINNATI,PR,
1293,CINCINNATI,CINCINNATI,SF-6,
1294,CINCINNATI,CINCINNATI,SF-6,
1295,CINCINNATI,CINCINNATI,SF-20,
1413,CINCINNATI,CINCINNATI,CN-P,
1414,CINCINNATI,CINCINNATI,PR,
1415,CINCINNATI,CINCINNATI,PR,
1416,CINCINNATI,CINCINNATI,MG,
1417,CINCINNATI,CINCINNATI,SF-10,
1418,CINCINNATI,CINCINNATI,SF-4,
1419,CINCINNATI,CINCINNATI,SF-2,
1420,CINCINNATI,CINCINNATI,RMX,
1421,CINCINNATI,CINCINNATI,RMX,
1422,CINCINNATI,CINCINNATI,SF-2,
1423,CINCINNATI,CINCINNATI,PR,
1553,CINCINNATI,CINCINNATI,SF-2,
1554,CINCINNATI,CINCINNATI,PR,
1555,CINCINNATI,CINCINNATI,SF-2,
1556,CINCINNATI,CINCINNATI,RF-M,
1162,CINCINNATI,CINCINNATI,SF-10,
1163,CINCINNATI,CINCINNATI,SF-4,
1164,CINCINNATI,CINCINNATI,PR,
1165,CINCINNATI,CINCINNATI,OG,
1166,CINCINNATI,CINCINNATI,RMX,
1167,CINCINNATI,CINCINNATI,CC-M,
1168,CINCINNATI,CINCINNATI,ML,
1169,CINCINNATI,CINCINNATI,RM-2.0,
1170,CINCINNATI,CINCINNATI,PR,
1171,CINCINNATI,CINCINNATI,SF-20,
1296,CINCINNATI,CINCINNATI,SF-20,
1297,CINCINNATI,CINCINNATI,CC-A,
1298,CINCINNATI,CINCINNATI,SF-6,
1299,CINCINNATI,CINCINNATI,RM-2.0,
1300,CINCINNATI,CINCINNATI,OG,
1301,CINCINNATI,CINCINNATI,CN-P,
1424,CINCINNATI,CINCINNATI,MA,
1425,CINCINNATI,CINCINNATI,PR,
1426,CINCINNATI,CINCINNATI,CC-M,
1427,CINCINNATI,CINCINNATI,OL,
1428,CINCINNATI,CINCINNATI,RM-1.2,
1429,CINCINNATI,CINCINNATI,IR,
1430,CINCINNATI,CINCINNATI,PR,
1026,CINCINNATI,CINCINNATI,SF-6,
1027,CINCINNATI,CINCINNATI,RM-1.2,
1028,CINCINNATI,CINCINNATI,CC-M,
1029,CINCINNATI,CINCINNATI,CN-M,
1030,CINCINNATI,CINCINNATI,RMX,
1031,CINCINNATI,CINCINNATI,CC-A,
1032,CINCINNATI,CINCINNATI,SF-4,
1033,CINCINNATI,CINCINNATI,RMX,
1172,CINCINNATI,CINCINNATI,SF-4,
1173,CINCINNATI,CINCINNATI,T4N.MF,
1174,CINCINNATI,CINCINNATI,CN-P,
1175,CINCINNATI,CINCINNATI,CC-P,
1176,CINCINNATI,CINCINNATI,CC-A,
1177,CINCINNATI,CINCINNATI,SF-20,
1178,CINCINNATI,CINCINNATI,SF-20,
1179,CINCINNATI,CINCINNATI,SF-20,
1180,CINCINNATI,CINCINNATI,SF-6,
1181,CINCINNATI,CINCINNATI,SF-20,
1182,CINCINNATI,CINCINNATI,SF-4,
1183,CINCINNATI,CINCINNATI,ML,
1861,CINCINNATI,CINCINNATI,SF-6,
1862,CINCINNATI,CINCINNATI,SF-2,
1863,CINCINNATI,CINCINNATI,SF-20,
1864,CINCINNATI,CINCINNATI,PR,
1865,CINCINNATI,CINCINNATI,PR,
1866,CINCINNATI,CINCINNATI,RMX,
1867,CINCINNATI,CINCINNATI,PR,
1868,CINCINNATI,CINCINNATI,SF-2,
1869,CINCINNATI,CINCINNATI,SF-4,
1870,CINCINNATI,CINCINNATI,CN-M,
2014,ANDERSON,ANDERSON,DD,
2015,ANDERSON,ANDERSON,AA,
2016,ANDERSON,ANDERSON,B,
2017,ANDERSON,ANDERSON,B,
2018,ANDERSON,ANDERSON,OO,
2019,ANDERSON,ANDERSON,EE,
2020,HCRPC,MIAMTP,A CUP,
2021,HCRPC,MIAMTP,AA CUP,
2022,HCRPC,MIAMTP,A,
2023,HCRPC,MIAMTP,AA,
2024,HCRPC,MIAMTP,A PUD,
2025,HCRPC,MIAMTP,AA,
2026,HCRPC,MIAMTP,A,
2027,HCRPC,MIAMTP,AA,
1568,CINCINNATI,CINCINNATI,PD,
1569,CINCINNATI,CINCINNATI,SF-6,
1570,CINCINNATI,CINCINNATI,SF-6,
1571,CINCINNATI,CINCINNATI,SF-6,
1572,CINCINNATI,CINCINNATI,PD,
1573,HCRPC,GREETP,E,
1574,HCRPC,GREETP,B,
1575,HCRPC,GREETP,A-2,
1576,HCRPC,GREETP,AA,
1577,HCRPC,GREETP,B,
1578,HCRPC,GREETP,A-2 PUD,
1579,HCRPC,GREETP,DD,
1580,HCRPC,HARRTP,GG SPI-SC,
1730,CINCINNATI,CINCINNATI,SF-6,
1731,CINCINNATI,CINCINNATI,PR,
1732,CINCINNATI,CINCINNATI,RMX,
1733,CINCINNATI,CINCINNATI,PR,
1734,CINCINNATI,CINCINNATI,RM-0.7,
1735,CINCINNATI,CINCINNATI,RM-1.2,
1871,HCRPC,GREETP,A PUD,
1872,HCRPC,GREETP,B-2,
1873,HCRPC,GREETP,DD,
1874,HCRPC,GREETP,C,
1875,HCRPC,GREETP,OO,
1876,HCRPC,GREETP,EE,
1877,HCRPC,GREETP,B PUD,
1878,HCRPC,GREETP,E,
1879,HCRPC,GREETP,AA,
1880,HCRPC,GREETP,C,
1881,HCRPC,GREETP,B,
1882,HCRPC,GREETP,B-2,
1883,HCRPC,GREETP,A-2 CUP,
1884,HCRPC,GREETP,A,
2028,HCRPC,MIAMTP,A,
2029,HCRPC,GREETP,C CUP,
2030,HCRPC,SYMMTP,A,
2031,HCRPC,SYMMTP,O,
2032,HCRPC,SYMMTP,H,
2033,HCRPC,SYMMTP,A,
2034,HCRPC,SYMMTP,H,
1581,HCRPC,GREETP,F,
1582,HCRPC,GREETP,F,
1583,HCRPC,MIAMTP,O PUD,
1584,HCRPC,COLUTP,E PUD SPI-SC,
1585,HCRPC,GREETP,F PUD,
1586,CINCINNATI,CINCINNATI,CC-P,
1587,CINCINNATI,CINCINNATI,SF-6,
1588,CINCINNATI,CINCINNATI,SF-20,
1589,CINCINNATI,CINCINNATI,PR,
1590,CINCINNATI,CINCINNATI,RM-2.0,
1591,CINCINNATI,CINCINNATI,RM-1.2,
1736,CINCINNATI,CINCINNATI,CN-P,
1737,CINCINNATI,CINCINNATI,SF-4,
1738,CINCINNATI,CINCINNATI,SF-2,
1739,CINCINNATI,CINCINNATI,PR,
1740,HCRPC,GREETP,OO,
1741,HCRPC,GREETP,OO,
1742,HCRPC,GREETP,DD,
1743,HCRPC,GREETP,OO,
1744,HCRPC,GREETP,O,
1745,HCRPC,GREETP,E,
1746,HCRPC,GREETP,D,
1747,HCRPC,HARRTP,A SPI-SC,
1748,HCRPC,HARRTP,F SPI-SC,
1885,HCRPC,GREETP,B CUP,
1886,HCRPC,GREETP,B-2,
1887,HCRPC,GREETP,DD,
1888,HCRPC,COLUTP,G PUD SPI-SC,
1889,HCRPC,COLUTP,F SPI-SC,
1890,HCRPC,COLUTP,C SPI-SC,
1891,HCRPC,COLUTP,OO SPI-SC,
1892,HCRPC,COLUTP,EE SPI-SC,
1893,HCRPC,COLUTP,C,
1894,HCRPC,COLUTP,G PUD SPI-SC,
1895,HCRPC,COLUTP,E SPI-SC,
2035,HCRPC,SYMMTP,B,
2036,HCRPC,SYMMTP,OO,
2037,HCRPC,SYMMTP,EE,
2038,HCRPC,SPRGTP,R-2,
2039,HCRPC,SPRGTP,B-2,
2040,HCRPC,SPRGTP,C PUD,
2041,HCRPC,SPRGTP,R-1,
1592,CINCINNATI,CINCINNATI,RM-1.2,
1593,CINCINNATI,CINCINNATI,PR,
1594,CINCINNATI,CINCINNATI,ML,
1595,CINCINNATI,CINCINNATI,MG,
1596,CINCINNATI,CINCINNATI,RMX,
1597,CINCINNATI,CINCINNATI,SF-4,
1598,CINCINNATI,CINCINNATI,PR,
1599,CINCINNATI,CINCINNATI,SF-4,
1600,CINCINNATI,CINCINNATI,SF-2,
1601,CINCINNATI,CINCINNATI,SF-6,
1602,CINCINNATI,CINCINNATI,SF-10,
1603,CINCINNATI,CINCINNATI,RF-C,
1749,HCRPC,HARRTP,FF SPI-SC,
1750,HCRPC,HARRTP,F PUD SPI-SC,
1751,HCRPC,GREETP,A,
1752,HCRPC,GREETP,EE,
1753,HCRPC,GREETP,F PUD,
1754,HCRPC,GREETP,EE,
1755,HCRPC,GREETP,C,
1756,HCRPC,GREETP,DD,
1757,HCRPC,GREETP,C,
1896,CINCINNATI,CINCINNATI,CC-A,
1897,CINCINNATI,CINCINNATI,SF-20,
1898,CINCINNATI,CINCINNATI,CC-P,
1899,CINCINNATI,CINCINNATI,PR,
1900,CINCINNATI,CINCINNATI,RMX,
1901,CINCINNATI,CINCINNATI,OL,
1902,CINCINNATI,CINCINNATI,RMX,
1903,CINCINNATI,CINCINNATI,OL,
2042,HCRPC,SPRGTP,R-PUD,
2043,HCRPC,SPRGTP,R-PUD,
2044,ANDERSON,ANDERSON,B CUP,
2045, , ,OO,
2046,ANDERSON,ANDERSON,O,
2047,ANDERSON,ANDERSON,B,
2048,ANDERSON,ANDERSON,DD,
2049,ANDERSON,ANDERSON,DD,
2050, , ,E PUD,
2051,ANDERSON,ANDERSON,DD,
2052,ANDERSON,ANDERSON,OO,
2053,ANDERSON,ANDERSON,E,
2054,HCRPC,GREETP,OO,
2055,HCRPC,GREETP,A,
2056,HCRPC,GREETP,EE,
1604,HCRPC,GREETP,F,
1605,HCRPC,GREETP,C,
1606,HCRPC,GREETP,E PUD,
1607,HCRPC,HARRTP,D,
1608,HCRPC,HARRTP,F,
1609,HCRPC,HARRTP,D,
1610,HCRPC,HARRTP,B,
1611,HCRPC,HARRTP,E,
1612,HCRPC,HARRTP,AA,
1613,HCRPC,HARRTP,A,
1614,HCRPC,HARRTP,AA,
1758,HCRPC,GREETP,A CUP,
1759,CINCINNATI,CINCINNATI,CN-M,
1760,CINCINNATI,CINCINNATI,SF-4,
1761,CINCINNATI,CINCINNATI,CN-M,
1762,CINCINNATI,CINCINNATI,SF-2,
1763,CINCINNATI,CINCINNATI,PR,
1764,CINCINNATI,CINCINNATI,RM-1.2,
1765,CINCINNATI,CINCINNATI,MG,
1904,CINCINNATI,CINCINNATI,SF-4,
1905,CINCINNATI,CINCINNATI,RM-2.0,
1906,CINCINNATI,CINCINNATI,PR,
1907,CINCINNATI,CINCINNATI,RM-1.2,
1908,HCRPC,GREETP,F,
1909,HCRPC,COLUTP,F SPI-SC,
2086,HCRPC,SPRGTP,R-2,
2087,HCRPC,SPRGTP,R-4,
2088,HCRPC,SPRGTP,B-2,
2089,HCRPC,SPRGTP,C PUD,
2090,HCRPC,SPRGTP,B-2,
2091,HCRPC,SPRGTP,C PUD,
2092,HCRPC,SPRGTP,R-3,
2093,HCRPC,SPRGTP,R-1A,
2094,HCRPC,SPRGTP,R-2,
2095,HCRPC,SPRGTP,R-1A,
2096,HCRPC,SPRGTP,C PUD,
2097,HCRPC,SPRGTP,O-2,
2098,ANDERSON,ANDERSON,B CUP,
1615,HCRPC,COLUTP,F SPI-SC,
1616,HCRPC,COLUTP,EE,
1617,HCRPC,COLUTP,F PUD SPI-SC,
1618,HCRPC,COLUTP,C PUD SPI-SC,
1619,HCRPC,GREETP,E,
1620,HCRPC,GREETP,B,
1621,HCRPC,GREETP,B,
1622,HCRPC,GREETP,E,
1623,HCRPC,GREETP,EE,
1624,HCRPC,GREETP,A-2,
1625,CINCINNATI,CINCINNATI,ML,
1626,CINCINNATI,CINCINNATI,SF-10,
1766,CINCINNATI,CINCINNATI,CC-A,
1767,CINCINNATI,CINCINNATI,RMX,
1768,CINCINNATI,CINCINNATI,RMX,
1769,CINCINNATI,CINCINNATI,SF-2,
1770,HCRPC,MIAMTP,A PUD,
1910,HCRPC,HARRTP,FF,
1911,HCRPC,GREETP,A-2,
1912,HCRPC,GREETP,B PUD,
1913,HCRPC,COLUTP,B,
1914,HCRPC,GREETP,EE,
1915,HCRPC,GREETP,OO,
1916,HCRPC,GREETP,EE,
1917,HCRPC,GREETP,EE,
1918,HCRPC,GREETP,B,
2146,TOWNSHIP,SYCMTP,OO,
2147,TOWNSHIP,SYCMTP,EE,
2148,TOWNSHIP,SYCMTP,EE,
2149,TOWNSHIP,SYCMTP,C,
2150,TOWNSHIP,SYCMTP,FF,
2151,TOWNSHIP,SYCMTP,E,
2152,TOWNSHIP,SYCMTP,C,
2153,TOWNSHIP,SYCMTP,D,
2154,TOWNSHIP,SYCMTP,D,
2155,TOWNSHIP,SYCMTP,B-2 CUP,
2156,TOWNSHIP,SYCMTP,DD,
2157,TOWNSHIP,SYCMTP,DD,
2158,ANDERSON,ANDERSON,A-2,
2159,ANDERSON,ANDERSON,A,
2160,ANDERSON,ANDERSON,DD,
2161,ANDERSON,ANDERSON,B CUP,
2162,ANDERSON,ANDERSON,H,
2163,ANDERSON,ANDERSON,H,
2164,ANDERSON,ANDERSON,AA,
2165,ANDERSON,ANDERSON,E,
1627,CINCINNATI,CINCINNATI,SF-2,
1628,CINCINNATI,CINCINNATI,SF-6,
1629,CINCINNATI,CINCINNATI,PR,
1630,CINCINNATI,CINCINNATI,SF-4,
1631,CINCINNATI,CINCINNATI,DD,
1632,CINCINNATI,CINCINNATI,SF-10,
1633,CINCINNATI,CINCINNATI,RM-2.0,
1634,CINCINNATI,CINCINNATI,SF-2,
1635,CINCINNATI,CINCINNATI,OL,
1636,CINCINNATI,CINCINNATI,SF-4,
1637,CINCINNATI,CINCINNATI,CN-M,
1771,HCRPC,MIAMTP,AA,
1772,HCRPC,GREETP,A CUP,
1773,HCRPC,MIAMTP,A CUP,
1774,HCRPC,GREETP,OO,
1775,HCRPC,GREETP,OO,
1776,HCRPC,GREETP,OO,
1777,HCRPC,GREETP,E,
1778,HCRPC,COLUTP,DD,
1779,HCRPC,GREETP,E PUD,
1780,HCRPC,GREETP,E PUD,
1919,HCRPC,GREETP,F PUD,
1920,HCRPC,GREETP,G,
1921,CINCINNATI,CINCINNATI,CC-A,
1922,CINCINNATI,CINCINNATI,RM-2.0,
1923,CINCINNATI,CINCINNATI,CN-P,
1924,CINCINNATI,CINCINNATI,CC-M,
2195,TOWNSHIP,SYCMTP,A,
2196,TOWNSHIP,SYCMTP,DD,
2197,TOWNSHIP,SYCMTP,E,
2198,TOWNSHIP,SYCMTP,OO,
2199,TOWNSHIP,SYCMTP,FF,
2200,TOWNSHIP,SYCMTP,O,
2201,ANDERSON,ANDERSON,E,
2202,ANDERSON,ANDERSON,B,
2203,ANDERSON,ANDERSON,C,
2204,ANDERSON,ANDERSON,C,
2205,ANDERSON,ANDERSON,C,
2206,ANDERSON,ANDERSON,OO,
2207, , ,E PUD,
2208,ANDERSON,ANDERSON,E PUD,
2209,ANDERSON,ANDERSON,H,
2210,ANDERSON,ANDERSON,E,
1638,CINCINNATI,CINCINNATI,RM-2.0,
1639,CINCINNATI,CINCINNATI,PR,
1640,HCRPC,HARRTP,OO,
1641,HCRPC,HARRTP,D,
1642,HCRPC,HARRTP,G,
1643,HCRPC,HARRTP,B,
1644,HCRPC,HARRTP,AA,
1645,HCRPC,MIAMTP,EX,
1646,HCRPC,MIAMTP,G,
1647,HCRPC,MIAMTP,G,
1781,HCRPC,COLUTP,DD,
1782,HCRPC,COLUTP,C SPI-SC,
1783,HCRPC,COLUTP,C SPI-SC,
1784,HCRPC,COLUTP,EE SPI-SC,
1785,HCRPC,GREETP,B,
1786,HCRPC,GREETP,B CUP,
1787,HCRPC,GREETP,C CUP,
1788,CINCINNATI,CINCINNATI,RM-2.0,
1789,CINCINNATI,CINCINNATI,CC-P,
1790,CINCINNATI,CINCINNATI,CN-M,
1925,CINCINNATI,CINCINNATI,OL,
1926,CINCINNATI,CINCINNATI,SF-6,
1927,CINCINNATI,CINCINNATI,SF-4,
1928,CINCINNATI,CINCINNATI,CC-A,
1929,CINCINNATI,CINCINNATI,PR,
1930,CINCINNATI,CINCINNATI,SF-4,
1931,CINCINNATI,CINCINNATI,PR,
1932,CINCINNATI,CINCINNATI,RMX,
1933,CINCINNATI,CINCINNATI,SF-6,
1934,CINCINNATI,CINCINNATI,PR,
2099,ANDERSON,ANDERSON,E/H PUD,
2100,ANDERSON,ANDERSON,B,
2101,ANDERSON,ANDERSON,E PUD,
2102, , ,E PUD,
2103,ANDERSON,ANDERSON,E,
2104,ANDERSON,ANDERSON,E PUD,
2105,ANDERSON,ANDERSON,OO,
2106,ANDERSON,ANDERSON,A-2,
2107,ANDERSON,ANDERSON,A-2,
2108,ANDERSON,ANDERSON,DD,
2109,ANDERSON,ANDERSON,A-2 CUP,
2110,ANDERSON,ANDERSON,OO,
2111,ANDERSON,ANDERSON,A,
2112,ANDERSON,ANDERSON,AA CUP,
2113,ANDERSON,ANDERSON,B-2,
2114,HCRPC,HARRTP,MHP,
2115,HCRPC,HARRTP,G,
2116,HCRPC,HARRTP,OO SPI-SC,
2117,HCRPC,HARRTP,F SPI-SC,
1648,HCRPC,HARRTP,F,
1649,HCRPC,MIAMTP,G,
1650,HCRPC,MIAMTP,G,
1651,HCRPC,MIAMTP,A PUD,
1652,HCRPC,COLUTP,C,
1653,HCRPC,HARRTP,B,
1654,HCRPC,GREETP,DD,
1655,HCRPC,GREETP,EE,
1656,HCRPC,GREETP,C CUP,
1657,HCRPC,GREETP,EE,
1658,HCRPC,GREETP,EE,
1659,HCRPC,GREETP,O PUD-1,
1791,CINCINNATI,CINCINNATI,RF-R,
1792,CINCINNATI,CINCINNATI,CC-M,
1793,CINCINNATI,CINCINNATI,SF-4,
1794,CINCINNATI,CINCINNATI,SF-2,
1795,CINCINNATI,CINCINNATI,CC-A,
1935,HCRPC,GREETP,DD,
1936,HCRPC,MIAMTP,AA,
1937,HCRPC,MIAMTP,A CUP,
1938,HCRPC,MIAMTP,A PUD,
1939,HCRPC,MIAMTP,A,
1940,HCRPC,GREETP,F PUD,
1941,HCRPC,GREETP,A,
1942,HCRPC,GREETP,F PUD,
1943,HCRPC,COLUTP,F SPI-SC,
1944,HCRPC,GREETP,DD,
1945,HCRPC,GREETP,EE,
1946,HCRPC,GREETP,OO,
1947,HCRPC,GREETP,E,
1948,HCRPC,GREETP,D,
1949,HCRPC,GREETP,E,
1950,HCRPC,GREETP,B,
1951,HCRPC,COLUTP,C,
2166,ANDERSON,ANDERSON,E,
2167,ANDERSON,ANDERSON,B,
2168,ANDERSON,ANDERSON,B,
2169,ANDERSON,ANDERSON,E,
2170,ANDERSON,ANDERSON,B,
2171,ANDERSON,ANDERSON,E,
2172,HCRPC,HARRTP,E SPI-SC,
2173,HCRPC,HARRTP,E PUD SPI-SC,
2174,HCRPC,MIAMTP,H,
2175,HCRPC,MIAMTP,B-2,
1660,HCRPC,GREETP,E,
1661,HCRPC,GREETP,F,
1662,HCRPC,GREETP,E PUD,
1663,HCRPC,GREETP,G PUD,
1664,HCRPC,GREETP,O,
1665,CINCINNATI,CINCINNATI,CN-P,
1666,CINCINNATI,CINCINNATI,CC-M,
1667,CINCINNATI,CINCINNATI,RM-1.2,
1668,CINCINNATI,CINCINNATI,SF-20,
1669,CINCINNATI,CINCINNATI,SF-2,
1670,CINCINNATI,CINCINNATI,CC-A,
1796,CINCINNATI,CINCINNATI,CC-A,
1797,HCRPC,GREETP,E,
1798,HCRPC,GREETP,EE,
1799,HCRPC,GREETP,D,
1800,HCRPC,GREETP,F,
1801,HCRPC,MIAMTP,A-2 PUD,
1952,HCRPC,COLUTP,C,
1953,HCRPC,COLUTP,DD,
1954,HCRPC,COLUTP,C,
1955,HCRPC,COLUTP,E SPI-SC,
1956,HCRPC,COLUTP,D,
1957,HCRPC,COLUTP,DD,
1958,HCRPC,COLUTP,B,
1959,HCRPC,COLUTP,B CUP,
1960,CINCINNATI,CINCINNATI,RM-2.0,
1961,CINCINNATI,CINCINNATI,SF-6,
1962,CINCINNATI,CINCINNATI,SF-4,
2057,HCRPC,GREETP,E,
2058,HCRPC,MIAMTP,A PUD,
2059,HCRPC,MIAMTP,A PUD,
2060,HCRPC,GREETP,F,
2061,HCRPC,MIAMTP,H,
2062,HCRPC,GREETP,DD,
2063,HCRPC,MIAMTP,A PUD,
2064,HCRPC,MIAMTP,B,
2065,HCRPC,HARRTP,B,
2066,HCRPC,HARRTP,B,
2067,HCRPC,HARRTP,B,
2068,HCRPC,HARRTP,B,
2069,HCRPC,HARRTP,E,
2070,HCRPC,HARRTP,A,
2071,HCRPC,HARRTP,A,
2072,HCRPC,HARRTP,A,
2073,HCRPC,HARRTP,F,
2074,HCRPC,SYMMTP,E,
1671,CINCINNATI,CINCINNATI,PR,
1672,CINCINNATI,CINCINNATI,SF-6,
1673,CINCINNATI,CINCINNATI,RMX,
1674,CINCINNATI,CINCINNATI,CN-M,
1675,CINCINNATI,CINCINNATI,SF-4,
1676,CINCINNATI,CINCINNATI,SF-6,
1677,CINCINNATI,CINCINNATI,SF-6,
1678,CINCINNATI,CINCINNATI,PR,
1679,HCRPC,COLUTP,A,
1680,HCRPC,MIAMTP,AA,
1681,HCRPC,MIAMTP,AA,
1802,HCRPC,MIAMTP,A CUP,
1803,HCRPC,MIAMTP,A,
1804,HCRPC,MIAMTP,A,
1805,HCRPC,MIAMTP,A-2,
1806,HCRPC,GREETP,O,
1807,HCRPC,GREETP,A-2 PUD,
1808,HCRPC,GREETP,A PUD,
1809,HCRPC,GREETP,A-2,
1810,HCRPC,GREETP,DD,
1811,HCRPC,GREETP,E,
1812,HCRPC,GREETP,DD,
1813,HCRPC,GREETP,EE,
1814,HCRPC,GREETP,OO,
1815,HCRPC,GREETP,OO,
1816,HCRPC,GREETP,B-2,
1963,CINCINNATI,CINCINNATI,SF-10,
1964,CINCINNATI,CINCINNATI,SF-4,
1965,CINCINNATI,CINCINNATI,CC-M,
1966,CINCINNATI,CINCINNATI,PR,
2118,HCRPC,HARRTP,A SPI-SC,
2119,HCRPC,HARRTP,EE SPI-SC,
2120,HCRPC,HARRTP,AA SPI-SC,
2121,HCRPC,HARRTP,OO SPI-SC,
2122,HCRPC,HARRTP,FF SPI-SC,
2123,HCRPC,HARRTP,A SPI-SC,
2124,HCRPC,HARRTP,MHP SPI-SC,
2125,HCRPC,HARRTP,F SPI-SC,
2126,HCRPC,HARRTP,G SPI-SC,
2127,HCRPC,HARRTP,H,
2128,HCRPC,HARRTP,E SPI-SC,
2129,HCRPC,HARRTP,A SPI-SC,
2130,HCRPC,SYMMTP,B,
2131,HCRPC,SYMMTP,A CUP,
2132,HCRPC,SYMMTP,B,
1682,HCRPC,MIAMTP,A CUP,
1683,HCRPC,GREETP,C CUP,
1684,HCRPC,GREETP,B CUP,
1685,HCRPC,GREETP,E,
1686,HCRPC,GREETP,A PUD,
1687,HCRPC,GREETP,AA,
1688,HCRPC,GREETP,AA PUD,
1689,HCRPC,GREETP,AA CUP,
1690,HCRPC,GREETP,AA CUP,
1691,HCRPC,COLUTP,OO,
1692,HCRPC,COLUTP,D,
1693,HCRPC,COLUTP,C,
1694,HCRPC,COLUTP,E CUP SPI-SC,
1817,HCRPC,GREETP,DD,
1818,HCRPC,GREETP,EE,
1819,HCRPC,GREETP,OO,
1820,HCRPC,GREETP,OO,
1821,HCRPC,GREETP,B,
1822,HCRPC,GREETP,E,
1823,HCRPC,COLUTP,G SPI-SC,
1824,CINCINNATI,CINCINNATI,PR,
1825,CINCINNATI,CINCINNATI,RM-1.2,
1826,CINCINNATI,CINCINNATI,SF-2,
1967,CINCINNATI,CINCINNATI,SF-2,
1968,CINCINNATI,CINCINNATI,RMX,
1969,CINCINNATI,CINCINNATI,SF-4,
1970,CINCINNATI,CINCINNATI,RM-2.0,
1971,CINCINNATI,CINCINNATI,SF-6,
1972,CINCINNATI,CINCINNATI,SF-4,
1973,CINCINNATI,CINCINNATI,CC-A,
1974,CINCINNATI,CINCINNATI,OG,
2176,HCRPC,GREETP,D,
2177,HCRPC,MIAMTP,AA,
2178,HCRPC,MIAMTP,A CUP,
2179,HCRPC,SYMMTP,DD,
2180,HCRPC,SYMMTP,A,
2181,HCRPC,SYMMTP,EE,
2182,HCRPC,SYMMTP,OO,
2183,HCRPC,SYMMTP,AA,
1695,HCRPC,COLUTP,C,
1696,HCRPC,MIAMTP,O,
1697,HCRPC,MIAMTP,E,
1698,HCRPC,MIAMTP,EE,
1699,HCRPC,MIAMTP,O,
1700,HCRPC,MIAMTP,DD,
1701,HCRPC,GREETP,E PUD,
1702,CINCINNATI,CINCINNATI,SF-4,
1827,CINCINNATI,CINCINNATI,SF-4,
1828,CINCINNATI,CINCINNATI,SF-20,
1829,CINCINNATI,CINCINNATI,RM-2.0,
1830,CINCINNATI,CINCINNATI,RM-2.0,
1831,CINCINNATI,CINCINNATI,SF-6,
1832,CINCINNATI,CINCINNATI,CC-A,
1833,CINCINNATI,CINCINNATI,CC-A,
1975,CINCINNATI,CINCINNATI,PR,
1976,HCRPC,GREETP,EE,
1977,HCRPC,GREETP,F PUD,
1978,HCRPC,GREETP,E PUD,
1979,HCRPC,GREETP,F PUD,
1980,HCRPC,GREETP,OO,
1981,HCRPC,GREETP,OO,
1982,HCRPC,GREETP,F,
1983,HCRPC,HARRTP,H PUD,
1984,HCRPC,GREETP,EE,
2075,HCRPC,SYMMTP,A CUP,
2076,HCRPC,SYMMTP,B,
2077,HCRPC,SYMMTP,C,
2078,HCRPC,SYMMTP,D,
2079,HCRPC,SYMMTP,H,
2080,HCRPC,SYMMTP,A,
2081,HCRPC,SYMMTP,A,
2082,HCRPC,SYMMTP,B,
2083,HCRPC,SYMMTP,DD,
2084,HCRPC,SYMMTP,EE,
2085,HCRPC,SYMMTP,E,
1703,CINCINNATI,CINCINNATI,PR,
1704,CINCINNATI,CINCINNATI,RM-1.2,
1705,CINCINNATI,CINCINNATI,RM-1.2,
1706,CINCINNATI,CINCINNATI,OG,
1707,CINCINNATI,CINCINNATI,SF-4,
1708,CINCINNATI,CINCINNATI,RM-2.0,
1834,CINCINNATI,CINCINNATI,SF-2,
1835,CINCINNATI,CINCINNATI,ML,
1836,CINCINNATI,CINCINNATI,SF-2,
1837,CINCINNATI,CINCINNATI,MG,
1838,CINCINNATI,CINCINNATI,SF-4,
1839,HCRPC,GREETP,E,
1840,HCRPC,GREETP,E PUD-2,
1841,HCRPC,GREETP,F PUD-2,
1842,HCRPC,GREETP,E,
1843,HCRPC,GREETP,F,
1985,CINCINNATI,CINCINNATI,RMX,
1986,CINCINNATI,CINCINNATI,RMX,
1987,CINCINNATI,CINCINNATI,SF-4,
1988,CINCINNATI,CINCINNATI,CN-M,
1989,CINCINNATI,CINCINNATI,CG-A,
1990,CINCINNATI,CINCINNATI,SF-2,
1991,CINCINNATI,CINCINNATI,OL,
1992,CINCINNATI,CINCINNATI,CC-A,
2133,HCRPC,SYMMTP,DD,
2134,HCRPC,SYMMTP,B,
2135,HCRPC,SYMMTP,F,
2136,HCRPC,SYMMTP,C,
2137,HCRPC,SYMMTP,E,
2138,HCRPC,SYMMTP,O,
2139,HCRPC,SYMMTP,F,
2140,HCRPC,SYMMTP,A,
2141,TOWNSHIP,SYCMTP,E,
2142,TOWNSHIP,SYCMTP,DD,
2143,TOWNSHIP,SYCMTP,C,
2144,TOWNSHIP,SYCMTP,A,
2145,TOWNSHIP,SYCMTP,OO,
1709,CINCINNATI,CINCINNATI,SF-4,
1710,CINCINNATI,CINCINNATI,ME,
1711,HCRPC,GREETP,A CUP,
1712,HCRPC,GREETP,A PUD,
1713,HCRPC,MIAMTP,A,
1714,HCRPC,MIAMTP,AA,
1715,HCRPC,GREETP,A,
1844,HCRPC,GREETP,F PUD,
1845,HCRPC,GREETP,OO,
1846,HCRPC,GREETP,B,
1847,HCRPC,GREETP,OO,
1848,HCRPC,GREETP,E,
1849,HCRPC,GREETP,A,
1850,HCRPC,GREETP,A PUD,
1851,HCRPC,GREETP,DD,
1852,HCRPC,MIAMTP,EE,
1853,HCRPC,HARRTP,A,
1993,CINCINNATI,CINCINNATI,RM-2.0,
1994,CINCINNATI,CINCINNATI,ML,
1995,CINCINNATI,CINCINNATI,RM-2.0,
1996,CINCINNATI,CINCINNATI,RM-2.0,
1997,HCRPC,SPRGTP,C PUD,
1998,HCRPC,SPRGTP,R-1,
1999,HCRPC,SPRGTP,O-2,
2000,HCRPC,SPRGTP,C PUD,
2001,HCRPC,SPRGTP,R-3,
2002,HCRPC,SPRGTP,R-4,
2003,HCRPC,SPRGTP,O-2,
2184,HCRPC,SYMMTP,A-2,
2185,HCRPC,SYMMTP,A CUP,
2186,HCRPC,SYMMTP,OO,
2187,HCRPC,SYMMTP,A,
2188,HCRPC,SYMMTP,OO,
2189,HCRPC,SYMMTP,EE,
2190,HCRPC,SYMMTP,C,
2191,HCRPC,SYMMTP,OO,
2192,TOWNSHIP,SYCMTP,C,
2193,TOWNSHIP,SYCMTP,A-2,
2194,TOWNSHIP,SYCMTP,A-2,
1716,HCRPC,GREETP,DD,
1717,HCRPC,GREETP,E PUD,
1718,HCRPC,GREETP,C PUD,
1719,HCRPC,GREETP,OO,
1720,HCRPC,GREETP,EE,
1721,HCRPC,GREETP,EE,
1722,HCRPC,GREETP,EE,
1723,HCRPC,COLUTP,F PUD SPI-SC,
1724,HCRPC,COLUTP,E PUD SPI-SC,
1854,HCRPC,HARRTP,A,
1855,HCRPC,HARRTP,A,
1856,HCRPC,COLUTP,A,
1857,HCRPC,COLUTP,DD,
1858,CINCINNATI,CINCINNATI,ML,
1859,CINCINNATI,CINCINNATI,RM-2.0,
1860,CINCINNATI,CINCINNATI,SF-6,
2004,HCRPC,SPRGTP,R-PUD,
2005,HCRPC,SPRGTP,R-4,
2006,HCRPC,SPRGTP,B-2,
2007,HCRPC,SPRGTP,R-4,
2008,ANDERSON,ANDERSON,E,
2009,ANDERSON,ANDERSON,D,
2010,ANDERSON,ANDERSON,A CUP,
2011,ANDERSON,ANDERSON,A CUP,
2012,ANDERSON,ANDERSON,DD,
2013,ANDERSON,ANDERSON,C,
1564,CINCINNATI,CINCINNATI,ML,
1565,CINCINNATI,CINCINNATI,CC-M,
1566,CINCINNATI,CINCINNATI,CC-P,
1567,CINCINNATI,CINCINNATI,PD,
1725,HCRPC,COLUTP,E SPI-SC,
1726,HCRPC,COLUTP,B,
1727,HCRPC,COLUTP,E SPI-SC,
1728,HCRPC,COLUTP,F PUD SPI-SC,
1729,CINCINNATI,CINCINNATI,PR,
2584,ANDERSON,ANDERSON,B CUP,
2585,ANDERSON,ANDERSON,EE,
2586,HCRPC,North Bend,R-3,
2587,HCRPC,North Bend,R-3,
2588,HCRPC,North Bend,R-2,
2589,HCRPC,North Bend,R-2,
2590,HCRPC,North Bend,R-3,
2591,HCRPC,North Bend,M-1,
2774,COLERAIN,COLERAIN,PD-R,
2775,COLERAIN,COLERAIN,PD-B,
2776,COLERAIN,COLERAIN,R-2,
2777,LOCKLAND,LOCKLAND,R-2,
2778,LOCKLAND,LOCKLAND,O-S,
2779,LOCKLAND,LOCKLAND,O-S,
2780,LOCKLAND,LOCKLAND,O-S,
2781,LOCKLAND,LOCKLAND,R-2,
2220,HCRPC,COLUTP,G,
2221,HCRPC,MIAMTP,A PUD,
2222,HCRPC,SYMMTP,H CUP,
2223,HCRPC,SYMMTP,EE,
2224,HCRPC,SYMMTP,OO,
2225,HCRPC,SYMMTP,E,
2226,HCRPC,SYMMTP,EE,
2227,HCRPC,SYMMTP,DD,
2228,HCRPC,SYMMTP,E,
2229,HCRPC,SYMMTP,E,
2230,HCRPC,SYMMTP,A,
2390,HCRPC,GREETP,F,
2391,HCRPC,COLUTP,E SPI-NR,
2392,HCRPC,COLUTP,B SPI-SC,
2393,HCRPC,COLUTP,EE,
2394,HCRPC,COLUTP,EE SPI-SC,
2395,HCRPC,COLUTP,A,
2396,HCRPC,SYMMTP,EE,
2397,HCRPC,SYMMTP,OO,
2398,HCRPC,SYMMTP,A,
2592,HCRPC,North Bend,M-1,
2593,HCRPC,North Bend,B-1,
2594,HCRPC,North Bend,B-1 PUD,
2595,HCRPC,SPRGTP,B-2,
2596,HCRPC,SPRGTP,R-3,
2597,HCRPC,SPRGTP,C PUD,
2598,HCRPC,SPRGTP,R-3,
2599,HCRPC,SPRGTP,R-1A,
2600,HCRPC,SPRGTP,R-2,
2601,HCRPC,SPRGTP,R-PUD,
2602,HCRPC,SPRGTP,R-2,
2603,HCRPC,SPRGTP,R-PUD,
2604,HCRPC,SPRGTP,C PUD,
2605,HCRPC,SPRGTP,O-2,
2782,LOCKLAND,LOCKLAND,R-2,
2783,LOCKLAND,LOCKLAND,R-2,
2784,LOCKLAND,LOCKLAND,R-2,
2785,LOCKLAND,LOCKLAND,C-1,
2786,LOCKLAND,LOCKLAND,R-2,
2787,LOCKLAND,LOCKLAND,I-1,
2788,LOCKLAND,LOCKLAND,I-1,
2789,LOCKLAND,LOCKLAND,R-2,
2790,WOODLAWN,WOODLAWN,D-1,
2791,WOODLAWN,WOODLAWN,D-1,
2792,WOODLAWN,WOODLAWN,D-1,
2793,WOODLAWN,WOODLAWN,D-1,
2794,WOODLAWN,WOODLAWN,R2,
2231,HCRPC,SYMMTP,B CUP,
2232,HCRPC,SYMMTP,EE,
2233,HCRPC,SYMMTP,A,
2234,TOWNSHIP,SYCMTP,DD,
2235,TOWNSHIP,SYCMTP,EE,
2236,TOWNSHIP,SYCMTP,EE,
2237,TOWNSHIP,SYCMTP,B,
2238,TOWNSHIP,SYCMTP,D CUP,
2239,TOWNSHIP,SYCMTP,AA,
2240,TOWNSHIP,SYCMTP,FF,
2241,TOWNSHIP,SYCMTP,OO,
2242,TOWNSHIP,SYCMTP,EE,
2243,TOWNSHIP,SYCMTP,D,
2244,TOWNSHIP,SYCMTP,O,
2245,TOWNSHIP,SYCMTP,DD,
2246,TOWNSHIP,SYCMTP,F,
2399,HCRPC,SYMMTP,FF,
2400,HCRPC,SYMMTP,A-2,
2401,HCRPC,SYMMTP,A-2,
2402,HCRPC,SYMMTP,C,
2403,HCRPC,SYMMTP,H,
2404,HCRPC,SYMMTP,OO,
2405,HCRPC,SYMMTP,DD,
2406,TOWNSHIP,SYCMTP,OO,
2407,TOWNSHIP,SYCMTP,DD,
2408,TOWNSHIP,SYCMTP,E,
2409,TOWNSHIP,SYCMTP,E,
2410,TOWNSHIP,SYCMTP,DD,
2411,TOWNSHIP,SYCMTP,B,
2606,HCRPC,SPRGTP,B-2,
2607,HCRPC,SPRGTP,C PUD,
2608,HCRPC,SPRGTP,B-2,
2609,ANDERSON,ANDERSON,A,
2610,ANDERSON,ANDERSON,A-2 CUP,
2611,ANDERSON,ANDERSON,A-2,
2612,ANDERSON,ANDERSON,DD,
2613,ANDERSON,ANDERSON,B,
2614,ANDERSON,ANDERSON,B CUP,
2615,ANDERSON,ANDERSON,OO,
2616,ANDERSON,ANDERSON,B-2,
2617,ANDERSON,ANDERSON,E PUD,
2618,ANDERSON,ANDERSON,E,
2619,ANDERSON,ANDERSON,EE,
2620,ANDERSON,ANDERSON,C,
2621,ANDERSON,ANDERSON,OO,
2622,ANDERSON,ANDERSON,OO,
2623,ANDERSON,ANDERSON,A-2 CUP,
2795,WOODLAWN,WOODLAWN,R3,
2796,WOODLAWN,WOODLAWN,R3,
2797,WOODLAWN,WOODLAWN,R3,
2798,CHEVIOT,CHEVIOT,M,
2799,CHEVIOT,CHEVIOT,A,
2800,COLERAIN,COLERAIN,PD-R,
2801,COLERAIN,COLERAIN,PD-R,
2802,COLERAIN,COLERAIN,R-7,
2803,COLERAIN,COLERAIN,PD-B,
2247,TOWNSHIP,SYCMTP,DD,
2248,TOWNSHIP,SYCMTP,O,
2249,TOWNSHIP,SYCMTP,E,
2250,TOWNSHIP,SYCMTP,D,
2251,BLUE ASH,BLUE ASH,R-4,
2252,BLUE ASH,BLUE ASH,C-2,
2253,BLUE ASH,BLUE ASH,R-2,
2254,BLUE ASH,BLUE ASH,R-1,
2255,BLUE ASH,BLUE ASH,C-1,
2412,TOWNSHIP,SYCMTP,A,
2413,TOWNSHIP,SYCMTP,OO,
2414,TOWNSHIP,SYCMTP,OO,
2415,TOWNSHIP,SYCMTP,OO,
2416,TOWNSHIP,SYCMTP,E,
2417,TOWNSHIP,SYCMTP,DD,
2418,TOWNSHIP,SYCMTP,EE,
2419,TOWNSHIP,SYCMTP,OO,
2420,ANDERSON,ANDERSON,E,
2421,ANDERSON,ANDERSON,B,
2422,ANDERSON,ANDERSON,O,
2423,ANDERSON,ANDERSON,O-1,
2424,ANDERSON,ANDERSON,OO,
2425,ANDERSON,ANDERSON,B,
2426,ANDERSON,ANDERSON,B,
2427,ANDERSON,ANDERSON,E,
2428,ANDERSON,ANDERSON,A-2,
2624,ANDERSON,ANDERSON,A-2,
2625,BLUE ASH,BLUE ASH,R-1,
2626,BLUE ASH,BLUE ASH,R-2,
2627,BLUE ASH,BLUE ASH,R-3,
2628,BLUE ASH,BLUE ASH,M-4,
2629,BLUE ASH,BLUE ASH,C-1,
2630,BLUE ASH,BLUE ASH,C-1,
2804,COLERAIN,COLERAIN,R-7,
2805,COLERAIN,COLERAIN,O-1,
2806,COLERAIN,COLERAIN,B-1,
2807,COLERAIN,COLERAIN,O-1,
2808,COLERAIN,COLERAIN,PD-B,
2809,COLERAIN,COLERAIN,PD-I,
2810,COLERAIN,COLERAIN,O-1,
2811,COLERAIN,COLERAIN,R-2,
2812, , ,B-2,
2813,COLERAIN,COLERAIN,B-3,
2814,COLERAIN,COLERAIN,R-3,
2815,COLERAIN,COLERAIN,B-2,
2256,BLUE ASH,BLUE ASH,C-2,
2257,BLUE ASH,BLUE ASH,R-3,
2258,BLUE ASH,BLUE ASH,R-3,
2259,BLUE ASH,BLUE ASH,M-4,
2260,BLUE ASH,BLUE ASH,M-2,
2261,HCRPC,GREETP,O PUD,
2262,HCRPC,GREETP,E CUP,
2263,HCRPC,GREETP,DD,
2264,HCRPC,GREETP,A,
2265,HCRPC,GREETP,A-2 PUD,
2266,HCRPC,GREETP,A CUP,
2429,ANDERSON,ANDERSON,EE,
2430,ANDERSON,ANDERSON,ID,
2431,ANDERSON,ANDERSON,AA CUP,
2432,ANDERSON,ANDERSON,DD,
2433,ANDERSON,ANDERSON,C,
2434,ANDERSON,ANDERSON,EE,
2435,ANDERSON,ANDERSON,OO,
2436,HCRPC,GREETP,A-2,
2437,HCRPC,GREETP,E,
2438,HCRPC,COLUTP,DD,
2439,HCRPC,COLUTP,E CUP SPI-SC,
2631,BLUE ASH,BLUE ASH,M-4,
2632,HCRPC,North Bend,B2PD,
2633,HCRPC,North Bend,B-2,
2634,HCRPC,North Bend,R-2,
2635,HCRPC,North Bend,M-1,
2636,HCRPC,North Bend,R2PD,
2637,HCRPC,North Bend,R-3,
2638,HCRPC,North Bend,B-1,
2639,HCRPC,North Bend,B-2,
2640,HCRPC,North Bend,R-2,
2839,WOODLAWN,WOODLAWN,R3,
2840,COLERAIN,COLERAIN,PD-R,
2841,COLERAIN,COLERAIN,B-1,
2842,COLERAIN,COLERAIN,B-2,
2843,COLERAIN,COLERAIN,B-2,
2844,COLERAIN,COLERAIN,O-1,
2845,COLERAIN,COLERAIN,PD-B,
2846,COLERAIN,COLERAIN,PD-B,
2847,COLERAIN,COLERAIN,R-3,
2848,COLERAIN,COLERAIN,PD-R,
2849,COLERAIN,COLERAIN,O-1,
2267,HCRPC,GREETP,A,
2268,HCRPC,GREETP,O,
2269,HCRPC,GREETP,A-2 PUD,
2270,HCRPC,GREETP,A PUD,
2271,HCRPC,SYMMTP,A,
2272,HCRPC,SYMMTP,B CUP,
2273,HCRPC,SYMMTP,A,
2440,HCRPC,COLUTP,A CUP,
2441,HCRPC,COLUTP,EE,
2442,HCRPC,COLUTP,E PUD SPI-SC,
2443,HCRPC,COLUTP,E PUD SPI-SC,
2444,HCRPC,SYMMTP,E,
2445,HCRPC,SYMMTP,E,
2446,HCRPC,SYMMTP,G,
2447,HCRPC,SPRGTP,R-3,
2448,HCRPC,SPRGTP,B-2,
2449,HCRPC,SPRGTP,R-3,
2450,HCRPC,SPRGTP,B-2,
2451,HCRPC,SPRGTP,M-1,
2452,HCRPC,SPRGTP,C PUD,
2453,HCRPC,SPRGTP,O-2,
2641,HCRPC,North Bend,B2PD,
2642,HCRPC,North Bend,B-2,
2643,HCRPC,North Bend,R2PD,
2644,HCRPC,SPRGTP,R-1A,
2645,HCRPC,SPRGTP,R-2,
2646,HCRPC,SPRGTP,B-2,
2647,HCRPC,SPRGTP,M-PUD,
2648,HCRPC,SPRGTP,M-1,
2649,HCRPC,SPRGTP,R-PUD,
2650,HCRPC,SPRGTP,R-PUD,
2651,HCRPC,SPRGTP,R-3,
2652,HCRPC,SPRGTP,O-2,
2653,HCRPC,SPRGTP,R-1,
2877,WOODLAWN,WOODLAWN,R3,
2878,WOODLAWN,WOODLAWN,R3,
2879,WOODLAWN,WOODLAWN,R3,
2880,WOODLAWN,WOODLAWN,R3,
2881,WOODLAWN,WOODLAWN,R3,
2882,COLERAIN,COLERAIN,R-4,
2274,HCRPC,SYMMTP,O,
2275,HCRPC,SYMMTP,E,
2276,HCRPC,SYMMTP,E,
2277,HCRPC,SYMMTP,A,
2278,HCRPC,SYMMTP,O,
2279,HCRPC,SYMMTP,H,
2280,HCRPC,SYMMTP,H,
2281,TOWNSHIP,SYCMTP,OO,
2282,TOWNSHIP,SYCMTP,O,
2283,TOWNSHIP,SYCMTP,C,
2284,TOWNSHIP,SYCMTP,D,
2285,TOWNSHIP,SYCMTP,B-2,
2286,TOWNSHIP,SYCMTP,A-2,
2287,TOWNSHIP,SYCMTP,E,
2288,TOWNSHIP,SYCMTP,E,
2289,TOWNSHIP,SYCMTP,B,
2290,TOWNSHIP,SYCMTP,DD,
2291,TOWNSHIP,SYCMTP,DD,
2292,TOWNSHIP,SYCMTP,DD,
2454,HCRPC,SPRGTP,C PUD,
2455,HCRPC,SPRGTP,R-2,
2456,HCRPC,SPRGTP,B-2,
2457,TOWNSHIP,SYCMTP,O,
2458,TOWNSHIP,SYCMTP,F,
2459,TOWNSHIP,SYCMTP,F,
2460,TOWNSHIP,SYCMTP,B,
2461,TOWNSHIP,SYCMTP,OO,
2462,TOWNSHIP,SYCMTP,F,
2463,TOWNSHIP,SYCMTP,EE,
2464,TOWNSHIP,SYCMTP,D,
2465,TOWNSHIP,SYCMTP,OO,
2466,TOWNSHIP,SYCMTP,OO,
2467,TOWNSHIP,SYCMTP,A,
2654,HCRPC,SPRGTP,B-2,
2655,HCRPC,SPRGTP,R-2,
2656,ANDERSON,ANDERSON,A CUP,
2657,ANDERSON,ANDERSON,AA CUP,
2658,ANDERSON,ANDERSON,OO,
2659,ANDERSON,ANDERSON,E PUD,
2660,ANDERSON,ANDERSON,E PUD,
2661,ANDERSON,ANDERSON,E PUD,
2662,ANDERSON,ANDERSON,E PUD,
2663,ANDERSON,ANDERSON,E PUD,
2664,ANDERSON,ANDERSON,E,
2665,ANDERSON,ANDERSON,C PUD,
2666,ANDERSON,ANDERSON,C PUD,
2667,ANDERSON,ANDERSON,E PUD,
2668,ANDERSON,ANDERSON,B,
2669,ANDERSON,ANDERSON,E,
2911,COLERAIN,COLERAIN,PD-B,
2912,COLERAIN,COLERAIN,PD-B,
2913,COLERAIN,COLERAIN,PD-B,
2914,COLERAIN,COLERAIN,B-2,
2915,COLERAIN,COLERAIN,PD-B,
2916,COLERAIN,COLERAIN,R-4,
2917,CROSBY,CROSBY,E,
2918,CROSBY,CROSBY,H,
2919,CROSBY,CROSBY,A,
2920,CROSBY,CROSBY,A,
2293,TOWNSHIP,SYCMTP,A35,
2294,TOWNSHIP,SYCMTP,OO,
2295,TOWNSHIP,SYCMTP,O,
2296,CHEVIOT,CHEVIOT,R-1,
2297,CHEVIOT,CHEVIOT,R,
2298,CHEVIOT,CHEVIOT,B-1,
2299,CHEVIOT,CHEVIOT,O,
2300,CHEVIOT,CHEVIOT,M,
2468,TOWNSHIP,SYCMTP,EE,
2469,TOWNSHIP,SYCMTP,B-2 CUP,
2470,TOWNSHIP,SYCMTP,B,
2471,BLUE ASH,BLUE ASH,M-4,
2472,BLUE ASH,BLUE ASH,R-1,
2473,BLUE ASH,BLUE ASH,C-1,
2474,BLUE ASH,BLUE ASH,C-1,
2670,BLUE ASH,BLUE ASH,R-4,
2671,BLUE ASH,BLUE ASH,R-3,
2672,BLUE ASH,BLUE ASH,C-2,
2673,BLUE ASH,BLUE ASH,R-4,
2674,BLUE ASH,BLUE ASH,R-4,
2675,BLUE ASH,BLUE ASH,R-3,
2676,BLUE ASH,BLUE ASH,R-1,
2677,BLUE ASH,BLUE ASH,R-2,
2678,BLUE ASH,BLUE ASH,R-2,
2679,BLUE ASH,BLUE ASH,C-2,
2680,BLUE ASH,BLUE ASH,D-1,
2681,BLUE ASH,BLUE ASH,R-3,
2682,BLUE ASH,BLUE ASH,R-2,
2683,BLUE ASH,BLUE ASH,R-1,
2684,BLUE ASH,BLUE ASH,M-1,
2850,COLERAIN,COLERAIN,PD-R,
2851,COLERAIN,COLERAIN,R-3,
2852,COLERAIN,COLERAIN,PD-B,
2853,COLERAIN,COLERAIN,PD-B,
2854,COLERAIN,COLERAIN,PD-R,
2855,COLERAIN,COLERAIN,PD-B,
2856,COLERAIN,COLERAIN,PD-B,
2857,COLERAIN,COLERAIN,R-2,
2858,COLERAIN,COLERAIN,R-2,
2859,CROSBY,CROSBY,A-5,
2860,CROSBY,CROSBY,A,
2861,CROSBY,CROSBY,G,
2862,CROSBY,CROSBY,DD,
2863,CROSBY,CROSBY,A,
2301,CHEVIOT,CHEVIOT,R,
2302,CHEVIOT,CHEVIOT,M,
2303,HCRPC,COLUTP,B,
2304,HCRPC,COLUTP,A,
2305,HCRPC,COLUTP,C,
2306,HCRPC,COLUTP,DD,
2307,HCRPC,COLUTP,A,
2308,HCRPC,COLUTP,D,
2309,HCRPC,COLUTP,E SPI-SC,
2475,BLUE ASH,BLUE ASH,M-2,
2476,BLUE ASH,BLUE ASH,R-2,
2477,HCRPC,COLUTP,E PUD SPI-SC,
2478,HCRPC,GREETP,EE,
2479,HCRPC,GREETP,A-2,
2480,HCRPC,GREETP,A-2,
2481,HCRPC,GREETP,EE,
2685,HCRPC,North Bend,RF,
2686,HCRPC,North Bend,M-2,
2687,HCRPC,North Bend,B-1,
2688,HCRPC,North Bend,R-1,
2689,HCRPC,North Bend,R-3,
2883,COLERAIN,COLERAIN,B-3,
2884,COLERAIN,COLERAIN,R-5,
2885,COLERAIN,COLERAIN,R-2,
2886,COLERAIN,COLERAIN,R-3,
2887,COLERAIN,COLERAIN,PD-R,
2888,COLERAIN,COLERAIN,PD-B,
2889,COLERAIN,COLERAIN,B-3,
2890,CROSBY,CROSBY,F,
2891,CROSBY,CROSBY,A,
2310,HCRPC,COLUTP,F PUD SPI-SC,
2311,HCRPC,COLUTP,A SPI-NR,
2312,HCRPC,COLUTP,E SPI-SC,
2313,HCRPC,COLUTP,A,
2314,HCRPC,COLUTP,D PUD,
2315,HCRPC,SYMMTP,E,
2316,HCRPC,SYMMTP,OO,
2317,HCRPC,SYMMTP,E,
2482,HCRPC,GREETP,E PUD,
2483,HCRPC,GREETP,EE,
2484,HCRPC,GREETP,E PUD,
2485,HCRPC,GREETP,E,
2486,HCRPC,SPRGTP,C PUD,
2487,HCRPC,SPRGTP,C PUD,
2488,HCRPC,SPRGTP,C PUD,
2489,HCRPC,SPRGTP,R-PUD,
2490,HCRPC,SPRGTP,R-3,
2491,HCRPC,SPRGTP,C PUD,
2492,HCRPC,SPRGTP,R-3,
2493,HCRPC,SPRGTP,M-2,
2494,HCRPC,SPRGTP,R-PUD,
2495,HCRPC,SPRGTP,M-2,
2690,HCRPC,SPRGTP,R-3,
2691,HCRPC,SPRGTP,R-4,
2692,HCRPC,SPRGTP,O-2,
2693,HCRPC,SPRGTP,B-2,
2694,HCRPC,SPRGTP,R-PUD,
2695,HCRPC,SPRGTP,R-PUD,
2696,HCRPC,SPRGTP,R-2,
2697,HCRPC,SPRGTP,R-1,
2698,HCRPC,SPRGTP,B-2,
2699,HCRPC,SPRGTP,R-3,
2700,HCRPC,SPRGTP,R-4,
2701,HCRPC,SPRGTP,O-2,
2702,HCRPC,SPRGTP,O-2,
2703,HCRPC,SPRGTP,C PUD,
2704,HCRPC,SPRGTP,O-2,
2705,HCRPC,SPRGTP,R-1A,
2706,HCRPC,SPRGTP,R-2,
2816,COLERAIN,COLERAIN,R-3,
2817,COLERAIN,COLERAIN,B-2,
2818,COLERAIN,COLERAIN,R-6,
2819,LOCKLAND,LOCKLAND,I-2,
2820,LOCKLAND,LOCKLAND,R-O-C,
2821,LOCKLAND,LOCKLAND,C-2,
2822,LOCKLAND,LOCKLAND,R-2,
2823,LOCKLAND,LOCKLAND,R-2,
2824,LOCKLAND,LOCKLAND,R-2,
2825,LOCKLAND,LOCKLAND,R-2,
2826,LOCKLAND,LOCKLAND,R-2,
2827,LOCKLAND,LOCKLAND,R-2,
2318,HCRPC,SYMMTP,F,
2319,HCRPC,SYMMTP,E,
2320,TOWNSHIP,SYCMTP,F,
2321,TOWNSHIP,SYCMTP,EE,
2322,TOWNSHIP,SYCMTP,E,
2323,TOWNSHIP,SYCMTP,E,
2324,TOWNSHIP,SYCMTP,EE,
2325,TOWNSHIP,SYCMTP,B,
2326,TOWNSHIP,SYCMTP,E,
2327,TOWNSHIP,SYCMTP,E,
2328,TOWNSHIP,SYCMTP,FF,
2496,HCRPC,SPRGTP,R-2,
2497,HCRPC,SPRGTP,R-PUD,
2498,HCRPC,SPRGTP,C PUD,
2499,HCRPC,SPRGTP,R-PUD,
2500,HCRPC,SPRGTP,C PUD,
2501,HCRPC,SPRGTP,C PUD,
2502,HCRPC,SPRGTP,R-3,
2503,HCRPC,SPRGTP,R-4,
2504,TOWNSHIP,SYCMTP,OO,
2505,TOWNSHIP,SYCMTP,E,
2506,TOWNSHIP,SYCMTP,OO,
2507,TOWNSHIP,SYCMTP,EE,
2508,TOWNSHIP,SYCMTP,O,
2509,TOWNSHIP,SYCMTP,DD,
2510,ANDERSON,ANDERSON,B-AA CUP,
2511,ANDERSON,ANDERSON,B CUP,
2512,ANDERSON,ANDERSON,B-2,
2513,ANDERSON,ANDERSON,E,
2514,ANDERSON,ANDERSON,B-2,
2707,ANDERSON,ANDERSON,A,
2708,ANDERSON,ANDERSON,A,
2709,ANDERSON,ANDERSON,GG,
2710,ANDERSON,ANDERSON,AA CUP,
2711,ANDERSON,ANDERSON,AA CUP,
2712,ANDERSON,ANDERSON,AA,
2713,ANDERSON,ANDERSON,E,
2714,ANDERSON,ANDERSON,C,
2715,ANDERSON,ANDERSON,E,
2716,HCRPC,GREETP,A PUD,
2717,HCRPC,GREETP,A CUP,
2718,HCRPC,GREETP,A,
2864,CROSBY,CROSBY,FF,
2865,CROSBY,CROSBY,DD,
2866,LOCKLAND,LOCKLAND,,
2867,LOCKLAND,LOCKLAND,I-1,
2868,LOCKLAND,LOCKLAND,I-1,
2869,LOCKLAND,LOCKLAND,I-1,
2870,LOCKLAND,LOCKLAND,R-2,
2871,LOCKLAND,LOCKLAND,C-3,
2329,TOWNSHIP,SYCMTP,A,
2330,TOWNSHIP,SYCMTP,A-2,
2331,TOWNSHIP,SYCMTP,EE,
2332,TOWNSHIP,SYCMTP,F,
2333,TOWNSHIP,SYCMTP,OO,
2334,ANDERSON,ANDERSON,EE,
2335,ANDERSON,ANDERSON,DD,
2336,ANDERSON,ANDERSON,A-2,
2337,ANDERSON,ANDERSON,A-2 CUP,
2338,ANDERSON,ANDERSON,A,
2339,ANDERSON,ANDERSON,AA,
2340,ANDERSON,ANDERSON,H,
2515,ANDERSON,ANDERSON,A,
2516,ANDERSON,ANDERSON,B-2 CUP,
2517,ANDERSON,ANDERSON,C,
2518,ANDERSON,ANDERSON,D,
2519,BLUE ASH,BLUE ASH,R-1,
2520,BLUE ASH,BLUE ASH,C-2,
2521,BLUE ASH,BLUE ASH,C-2,
2522,BLUE ASH,BLUE ASH,R-2,
2523,BLUE ASH,BLUE ASH,R-2,
2524,BLUE ASH,BLUE ASH,R-1,
2525,BLUE ASH,BLUE ASH,R-1,
2719,HCRPC,COLUTP,C,
2720,HCRPC,GREETP,DD,
2721,HCRPC,MIAMTP,B-2,
2722,HCRPC,MIAMTP,A,
2723,HCRPC,MIAMTP,A-2,
2724,HCRPC,MIAMTP,A-2 PUD,
2725,HCRPC,MIAMTP,A PUD,
2726,HCRPC,North Bend,R-1,
2727,HCRPC,SYMMTP,OO,
2892,CROSBY,CROSBY,A,
2893,CROSBY,CROSBY,E,
2894,CROSBY,CROSBY,ACUP,
2895,CROSBY,CROSBY,A,
2896,CROSBY,CROSBY,H,
2897,CROSBY,CROSBY,A,
2898,LOCKLAND,LOCKLAND,R-2,
2899,LOCKLAND,LOCKLAND,R-2,
2900,LOCKLAND,LOCKLAND,R-2,
2341,ANDERSON,ANDERSON,E,
2342,ANDERSON,ANDERSON,A,
2343,ANDERSON,ANDERSON,EF,
2344,HCRPC,COLUTP,F SPI-SC,
2345,HCRPC,GREETP,A-2,
2346,HCRPC,GREETP,B PUD,
2347,HCRPC,GREETP,B,
2348,HCRPC,GREETP,C CUP,
2349,HCRPC,GREETP,OO,
2350,HCRPC,GREETP,C,
2351,HCRPC,GREETP,B,
2352,HCRPC,GREETP,E,
2526,BLUE ASH,BLUE ASH,R-2,
2527,BLUE ASH,BLUE ASH,C-2,
2528,HCRPC,GREETP,E,
2529,HCRPC,GREETP,F,
2530,HCRPC,GREETP,EE,
2531,HCRPC,GREETP,C,
2728,HCRPC,SYMMTP,O,
2729,HCRPC,SYMMTP,E,
2730,HCRPC,SYMMTP,E,
2731,HCRPC,SYMMTP,DD,
2732,HCRPC,SYMMTP,E,
2733,HCRPC,SYMMTP,F,
2734,HCRPC,SYMMTP,A,
2735,HCRPC,SYMMTP,H,
2736,LOCKLAND,LOCKLAND,C-1,
2737,LOCKLAND,LOCKLAND,C-1,
2738,LOCKLAND,LOCKLAND,C-1,
2739,LOCKLAND,LOCKLAND,C-1,
2740,LOCKLAND,LOCKLAND,C-1,
2741,LOCKLAND,LOCKLAND,C-1,
2828,LOCKLAND,LOCKLAND,R-2,
2829,LOCKLAND,LOCKLAND,R-2,
2830,LOCKLAND,LOCKLAND,R-2,
2831,LOCKLAND,LOCKLAND,R-2,
2832,LOCKLAND,LOCKLAND,R-2,
2833,WOODLAWN,WOODLAWN,R3,
2834,WOODLAWN,WOODLAWN,PUD,
2835,WOODLAWN,WOODLAWN,PUD-R-3,
2836,WOODLAWN,WOODLAWN,PUD-R-3,
2837,WOODLAWN,WOODLAWN,Overlay District,
2838,WOODLAWN,WOODLAWN,Overlay District,
2353,HCRPC,GREETP,DD,
2354,HCRPC,GREETP,B,
2355,HCRPC,SYMMTP,A,
2356,HCRPC,SYMMTP,B,
2357,HCRPC,SYMMTP,EE,
2358,HCRPC,SYMMTP,DD,
2359,HCRPC,SYMMTP,EE,
2360,HCRPC,SYMMTP,G,
2532,HCRPC,GREETP,DD,
2533,HCRPC,North Bend,B2PD,
2534,HCRPC,SPRGTP,R-PUD,
2535,HCRPC,SPRGTP,R-2,
2536,HCRPC,SPRGTP,R-PUD,
2537,HCRPC,SPRGTP,R-1A,
2538,HCRPC,SPRGTP,R-1A,
2539,HCRPC,SPRGTP,R-PUD,
2540,HCRPC,SPRGTP,R-3,
2541,HCRPC,SPRGTP,C PUD,
2542,HCRPC,SPRGTP,B-2,
2543,HCRPC,SPRGTP,R-3,
2544,HCRPC,SPRGTP,R-1A,
2545,HCRPC,SPRGTP,R-4,
2742,LOCKLAND,LOCKLAND,I-1,
2743,LOCKLAND,LOCKLAND,R-O-C,
2744,LOCKLAND,LOCKLAND,R-O-C,
2745,LOCKLAND,LOCKLAND,R-O-C,
2746,WOODLAWN,WOODLAWN,R3,
2747,WOODLAWN,WOODLAWN,R3,
2748,WOODLAWN,WOODLAWN,R3,
2749,WOODLAWN,WOODLAWN,R3,
2750,WOODLAWN,WOODLAWN,R3,
2751,WOODLAWN,WOODLAWN,R3,
2752,WOODLAWN,WOODLAWN,D-1,
2872,LOCKLAND,LOCKLAND,C-3,
2873,WOODLAWN,WOODLAWN,R3,
2874,WOODLAWN,WOODLAWN,R3,
2875,WOODLAWN,WOODLAWN,R3,
2876,WOODLAWN,WOODLAWN,R3,
2361,TOWNSHIP,SYCMTP,B,
2362,TOWNSHIP,SYCMTP,EE,
2363,TOWNSHIP,SYCMTP,D,
2364,TOWNSHIP,SYCMTP,O,
2365,TOWNSHIP,SYCMTP,B,
2366,TOWNSHIP,SYCMTP,O,
2367,TOWNSHIP,SYCMTP,FF,
2368,TOWNSHIP,SYCMTP,A-2,
2369,TOWNSHIP,SYCMTP,DD,
2546,HCRPC,SPRGTP,M-1,
2547,HCRPC,SPRGTP,C PUD,
2548,HCRPC,SPRGTP,R-2,
2549,ANDERSON,ANDERSON,DD,
2550,ANDERSON,ANDERSON,E,
2551,ANDERSON,ANDERSON,E,
2552,ANDERSON,ANDERSON,E,
2553,ANDERSON,ANDERSON,O,
2554,ANDERSON,ANDERSON,EE,
2555,ANDERSON,ANDERSON,EE,
2556,ANDERSON,ANDERSON,OO,
2557,ANDERSON,ANDERSON,OO,
2558,ANDERSON,ANDERSON,OO,
2559,ANDERSON,ANDERSON,D,
2560,ANDERSON,ANDERSON,C,
2561,ANDERSON,ANDERSON,C,
2562,ANDERSON,ANDERSON,D,
2563,ANDERSON,ANDERSON,A-2,
2564,ANDERSON,ANDERSON,A-2,
2565,ANDERSON,ANDERSON,C CUP,
2566,ANDERSON,ANDERSON,DD,
2567,ANDERSON,ANDERSON,DD,
2568,ANDERSON,ANDERSON,DD,
2569,ANDERSON,ANDERSON,C,
2570,ANDERSON,ANDERSON,A-2 CUP,
2753,WOODLAWN,WOODLAWN,D-1,
2754,WOODLAWN,WOODLAWN,D-1,
2755,WOODLAWN,WOODLAWN,D-1,
2756,WOODLAWN,WOODLAWN,D-1,
2757,WOODLAWN,WOODLAWN,D-1,
2758,WOODLAWN,WOODLAWN,D-1,
2759,CHEVIOT,CHEVIOT,A,
2760,CHEVIOT,CHEVIOT,B,
2761,CHEVIOT,CHEVIOT,R,
2901,LOCKLAND,LOCKLAND,I-1,
2902,LOCKLAND,LOCKLAND,R-2,
2903,MONTGOMERY,MONTGOMERY,A,
2904,MONTGOMERY,MONTGOMERY,AHOD-H,
2905,MONTGOMERY,MONTGOMERY,D-2,
2906,MONTGOMERY,MONTGOMERY,LB,
2907,MONTGOMERY,MONTGOMERY,GB,
2908,COLERAIN,COLERAIN,R-7,
2909,COLERAIN,COLERAIN,B-2,
2910,COLERAIN,COLERAIN,B-3,
2370,TOWNSHIP,SYCMTP,A,
2371,TOWNSHIP,SYCMTP,O,
2372,TOWNSHIP,SYCMTP,OO,
2373,TOWNSHIP,SYCMTP,EE,
2374,TOWNSHIP,SYCMTP,E,
2375,TOWNSHIP,SYCMTP,O,
2376,TOWNSHIP,SYCMTP,DD,
2377,BLUE ASH,BLUE ASH,M-2,
2378,BLUE ASH,BLUE ASH,R-2,
2379,BLUE ASH,BLUE ASH,M-2,
2380,BLUE ASH,BLUE ASH,R-4,
2381,BLUE ASH,BLUE ASH,R-4,
2382,BLUE ASH,BLUE ASH,R-3,
2383,BLUE ASH,BLUE ASH,C-2,
2571,ANDERSON,ANDERSON,E,
2572,ANDERSON,ANDERSON,C,
2573,ANDERSON,ANDERSON,OO,
2574,ANDERSON,ANDERSON,A-2,
2575,ANDERSON,ANDERSON,EE,
2576,ANDERSON,ANDERSON,AA CUP,
2577,ANDERSON,ANDERSON,C,
2578,ANDERSON,ANDERSON,DD,
2579,ANDERSON,ANDERSON,DD,
2580,ANDERSON,ANDERSON,EE,
2581,ANDERSON,ANDERSON,AA,
2582,ANDERSON,ANDERSON,C,
2583,ANDERSON,ANDERSON,OO,
2762,CHEVIOT,CHEVIOT,M,
2763,CHEVIOT,CHEVIOT,O,
2764,CHEVIOT,CHEVIOT,A,
2765,CHEVIOT,CHEVIOT,R,
2766,CHEVIOT,CHEVIOT,O,
2767,CHEVIOT,CHEVIOT,M,
2768,CHEVIOT,CHEVIOT,A,
2769,COLERAIN,COLERAIN,PD-R,
2770,COLERAIN,COLERAIN,PD-B,
2771,COLERAIN,COLERAIN,PD-B,
2772,COLERAIN,COLERAIN,PD-B,
2773,COLERAIN,COLERAIN,PD-B,
2211,ANDERSON,ANDERSON,B,
2212,ANDERSON,ANDERSON,A-2,
2213,ANDERSON,ANDERSON,A CUP,
2214,HCRPC,MIAMTP,AA,
2215,HCRPC,MIAMTP,A PUD,
2216,HCRPC,MIAMTP,A,
2217,HCRPC,COLUTP,A,
2218,HCRPC,COLUTP,O,
2219,HCRPC,COLUTP,B,
2384,BLUE ASH,BLUE ASH,R-3,
2385,BLUE ASH,BLUE ASH,R-3,
2386,HCRPC,GREETP,OO,
2387,HCRPC,GREETP,EE,
2388,HCRPC,GREETP,E PUD,
2389,HCRPC,COLUTP,A SPI-NR,
2929,MONTGOMERY,MONTGOMERY,A,
2930,MONTGOMERY,MONTGOMERY,D-3,
2931,MONTGOMERY,MONTGOMERY,A,
2932,MONTGOMERY,MONTGOMERY,A,
2933,MONTGOMERY,MONTGOMERY,A,
2934,MONTGOMERY,MONTGOMERY,A,
2935,MONTGOMERY,MONTGOMERY,A,
2936,MONTGOMERY,MONTGOMERY,OVRLAY,
2937,MONTGOMERY,MONTGOMERY,OM_OUT,
2938,COLERAIN,COLERAIN,R-3,
2939,COLERAIN,COLERAIN,R-6,
3121,WOODLAWN,WOODLAWN,I-P,
3122,WOODLAWN,WOODLAWN,I-P,
3123,WOODLAWN,WOODLAWN,I-P,
3124,WOODLAWN,WOODLAWN,I-P,
3125,WOODLAWN,WOODLAWN,I-P,
3126,WOODLAWN,WOODLAWN,I-P,
3127,WOODLAWN,WOODLAWN,I-P,
3128,WOODLAWN,WOODLAWN,I-P,
3129,WOODLAWN,WOODLAWN,D-1,
3130,WOODLAWN,WOODLAWN,D-1,
3131,WOODLAWN,WOODLAWN,D-1,
2940,COLERAIN,COLERAIN,B-1,
2941,COLERAIN,COLERAIN,R-6,
2942,COLERAIN,COLERAIN,PD-B,
2943,COLERAIN,COLERAIN,PD-R,
2944,COLERAIN,COLERAIN,PD-R,
2945,COLERAIN,COLERAIN,PD-B,
2946,COLERAIN,COLERAIN,PD-B,
2947,COLERAIN,COLERAIN,PD-R,
2948,FOREST PARK,FOREST PARK,IP,
3132,COLERAIN,COLERAIN,PD-R,
3133,COLERAIN,COLERAIN,PD-R,
3134,COLERAIN,COLERAIN,PD-B,
3135,COLERAIN,COLERAIN,B-2,
3136,COLERAIN,COLERAIN,R-4,
3137,COLERAIN,COLERAIN,PD-B,
3138,COLERAIN,COLERAIN,PD-B,
3139,COLERAIN,COLERAIN,PD-R,
3140,COLERAIN,COLERAIN,PD-B,
3141,COLERAIN,COLERAIN,B-2,
3142,COLERAIN,COLERAIN,PD-B,
3143,LOCKLAND,LOCKLAND,I-1,
2949,FOREST PARK,FOREST PARK,M,
2950,FOREST PARK,FOREST PARK,O,
2951,FOREST PARK,FOREST PARK,ODOT,
2952,FOREST PARK,FOREST PARK,PB,
2953,FOREST PARK,FOREST PARK,PO,
2954,FOREST PARK,FOREST PARK,PR-3,
2955,FOREST PARK,FOREST PARK,PR3,
2956,FOREST PARK,FOREST PARK,R-1,
2957,FOREST PARK,FOREST PARK,R-2,
2958,FOREST PARK,FOREST PARK,R-PUD-14,
2959,FOREST PARK,FOREST PARK,R-PUD-7,
2960,FOREST PARK,FOREST PARK,SPA-1,
2961,MONTGOMERY,MONTGOMERY,GB,
2962,MONTGOMERY,MONTGOMERY,A,
2963,MONTGOMERY,MONTGOMERY,A,
2964,MONTGOMERY,MONTGOMERY,A,
2965,MONTGOMERY,MONTGOMERY,A,
3144,LOCKLAND,LOCKLAND,O-S,
3145,LOCKLAND,LOCKLAND,C-1,
3146,LOCKLAND,LOCKLAND,R-2,
3147,LOCKLAND,LOCKLAND,C-2,
3148,LOCKLAND,LOCKLAND,R-2,
3149,LOCKLAND,LOCKLAND,R-3,
3150,LOCKLAND,LOCKLAND,R-3,
3151,LOCKLAND,LOCKLAND,R-O-C,
3152,LOCKLAND,LOCKLAND,R-O-C,
3153,WOODLAWN,WOODLAWN,D-1,
3154,WOODLAWN,WOODLAWN,D-1,
2966,MONTGOMERY,MONTGOMERY,D-3,
2967,COLERAIN,COLERAIN,O-1,
2968,COLERAIN,COLERAIN,PD-R,
2969,COLERAIN,COLERAIN,PD-R,
2970,COLERAIN,COLERAIN,PD-R,
2971,COLERAIN,COLERAIN,PD-R,
2972,COLERAIN,COLERAIN,B-2,
2973,COLERAIN,COLERAIN,PD-B,
3155,WOODLAWN,WOODLAWN,I-P,
3156,WOODLAWN,WOODLAWN,I-P,
3157,WOODLAWN,WOODLAWN,RM,
3158,WOODLAWN,WOODLAWN,RM,
3159,WOODLAWN,WOODLAWN,R4,
3160,COLERAIN,COLERAIN,R-4,
3161,COLERAIN,COLERAIN,R-6,
3162,COLERAIN,COLERAIN,R-5,
3163,COLERAIN,COLERAIN,R-6,
3164,COLERAIN,COLERAIN,SWD,
3165,COLERAIN,COLERAIN,RF,
3166,COLERAIN,COLERAIN,R-3,
3167,COLERAIN,COLERAIN,R-3,
2974,COLERAIN,COLERAIN,R-7,
2975,FOREST PARK,FOREST PARK,SPA-2,
2976,FOREST PARK,FOREST PARK,SPA-3,
2977,LOCKLAND,LOCKLAND,R-2,
2978,LOCKLAND,LOCKLAND,I-1,
2979,LOCKLAND,LOCKLAND,R-3,
2980,LOCKLAND,LOCKLAND,C-1,
2981,LOCKLAND,LOCKLAND,I-2,
2982,LOCKLAND,LOCKLAND,C-2,
2983,LOCKLAND,LOCKLAND,I-2,
3168,COLERAIN,COLERAIN,B-2,
3169,COLERAIN,COLERAIN,PD-I,
3170,COLERAIN,COLERAIN,I-1,
3171,LOCKLAND,LOCKLAND,R-O-C,
3172,LOCKLAND,LOCKLAND,R-3,
3173,LOCKLAND,LOCKLAND,R-3,
3174,LOCKLAND,LOCKLAND,R-3,
3175,LOCKLAND,LOCKLAND,I-1,
3176,LOCKLAND,LOCKLAND,C-1,
3177,LOCKLAND,LOCKLAND,R-3,
2984,LOCKLAND,LOCKLAND,R-1,
2985,LOCKLAND,LOCKLAND,R-1,
2986,LOCKLAND,LOCKLAND,R-1,
2987,MONTGOMERY,MONTGOMERY,OVRLAY,
2988,MONTGOMERY,MONTGOMERY,A_HOD,
2989,MONTGOMERY,MONTGOMERY,B,
2990,MONTGOMERY,MONTGOMERY,B,
2991,MONTGOMERY,MONTGOMERY,B,
2992,MONTGOMERY,MONTGOMERY,C,
2993,MONTGOMERY,MONTGOMERY,C,
2994,MONTGOMERY,MONTGOMERY,D-2,
3178,LOCKLAND,LOCKLAND,R-3,
3179,LOCKLAND,LOCKLAND,R-3,
3180,LOCKLAND,LOCKLAND,R-3,
3181,LOCKLAND,LOCKLAND,R-3,
3182,LOCKLAND,LOCKLAND,I-1,
3183,LOCKLAND,LOCKLAND,I-1,
3184,LOCKLAND,LOCKLAND,I-1,
3185,LOCKLAND,LOCKLAND,R-2,
3186,WOODLAWN,WOODLAWN,R4,
3187,WOODLAWN,WOODLAWN,R4,
3188,WOODLAWN,WOODLAWN,R4,
3189,WOODLAWN,WOODLAWN,R4,
3190,WOODLAWN,WOODLAWN,R4,
3191,WOODLAWN,WOODLAWN,R4,
3192,WOODLAWN,WOODLAWN,R4,
2995,MONTGOMERY,MONTGOMERY,D-2,
2996,MONTGOMERY,MONTGOMERY,D-3,
2997,MONTGOMERY,MONTGOMERY,D-3,
2998,MONTGOMERY,MONTGOMERY,D-3,
2999,MONTGOMERY,MONTGOMERY,D-3,
3000,MONTGOMERY,MONTGOMERY,D-3,
3001,MONTGOMERY,MONTGOMERY,O,
3002,COLERAIN,COLERAIN,R-7,
3003,COLERAIN,COLERAIN,R-7,
3004,COLERAIN,COLERAIN,B-2,
3005,COLERAIN,COLERAIN,B-1,
3006,COLERAIN,COLERAIN,PD-B,
3193,WOODLAWN,WOODLAWN,R4,
3194,WOODLAWN,WOODLAWN,R4,
3195,WOODLAWN,WOODLAWN,R4,
3196,COLERAIN,COLERAIN,B-3,
3197,COLERAIN,COLERAIN,PD-R,
3198,COLERAIN,COLERAIN,R-4,
3007,COLERAIN,COLERAIN,PD-R,
3008,LOCKLAND,LOCKLAND,R-1,
3009,LOCKLAND,LOCKLAND,R-1,
3010,LOCKLAND,LOCKLAND,R-1,
3011,LOCKLAND,LOCKLAND,O-S,
3012,LOCKLAND,LOCKLAND,R-2,
3013,LOCKLAND,LOCKLAND,I-2,
3014,LOCKLAND,LOCKLAND,I-2,
3015,LOCKLAND,LOCKLAND,R-3,
3016,LOCKLAND,LOCKLAND,R-3,
3017,LOCKLAND,LOCKLAND,R-3,
3018,LOCKLAND,LOCKLAND,R-3,
3019,LOCKLAND,LOCKLAND,R-3,
3020,LOCKLAND,LOCKLAND,R-3,
3021,LOCKLAND,LOCKLAND,C-2,
3199,COLERAIN,COLERAIN,B-2,
3200,COLERAIN,COLERAIN,B-2,
3201,LOCKLAND,LOCKLAND,R-2,
3202,LOCKLAND,LOCKLAND,R-2,
3203,LOCKLAND,LOCKLAND,R-2,
3204,LOCKLAND,LOCKLAND,R-2,
3205,LOCKLAND,LOCKLAND,R-2,
3206,LOCKLAND,LOCKLAND,R-2,
3207,LOCKLAND,LOCKLAND,R-2,
3208,LOCKLAND,LOCKLAND,R-2,
3209,LOCKLAND,LOCKLAND,R-3,
3210,LOCKLAND,LOCKLAND,R-3,
3211,LOCKLAND,LOCKLAND,R-3,
3212,LOCKLAND,LOCKLAND,R-3,
3022,LOCKLAND,LOCKLAND,C-2,
3023,LOCKLAND,LOCKLAND,C-2,
3024,MONTGOMERY,MONTGOMERY,O,
3025,MONTGOMERY,MONTGOMERY,O,
3026,MONTGOMERY,MONTGOMERY,O,
3027,MONTGOMERY,MONTGOMERY,O_HOD,
3028,MONTGOMERY,MONTGOMERY,GB,
3029,MONTGOMERY,MONTGOMERY,GB,
3030,MONTGOMERY,MONTGOMERY,GB,
3031,MONTGOMERY,MONTGOMERY,GB_HOD,
3032,MONTGOMERY,MONTGOMERY,O_HOD,
3033,MONTGOMERY,MONTGOMERY,OM_OUT,
3034,MONTGOMERY,MONTGOMERY,OVRLAY,
3035,MONTGOMERY,MONTGOMERY,OVRLAY,
3036,MONTGOMERY,MONTGOMERY,OVRLAY,
3037,MONTGOMERY,MONTGOMERY,OVRLAY,
3038,MONTGOMERY,MONTGOMERY,LB,
3039,MONTGOMERY,MONTGOMERY,OMG,
3040,MONTGOMERY,MONTGOMERY,A_HOD,
3041,MONTGOMERY,MONTGOMERY,O_HOD,
3042,MONTGOMERY,MONTGOMERY,OC,
3043,NORWOOD,NORWOOD,CBD,
3213,LOCKLAND,LOCKLAND,R-3,
3214,LOCKLAND,LOCKLAND,R-3,
3215,WOODLAWN,WOODLAWN,CC,
3216,WOODLAWN,WOODLAWN,CC,
3217,WOODLAWN,WOODLAWN,CC,
3218,WOODLAWN,WOODLAWN,RS,
3219,WOODLAWN,WOODLAWN,RS,
3220,WOODLAWN,WOODLAWN,RS,
3221,WOODLAWN,WOODLAWN,RS,
3044,COLERAIN,COLERAIN,B-1,
3045,COLERAIN,COLERAIN,B-1,
3046,COLERAIN,COLERAIN,PD-B,
3047,COLERAIN,COLERAIN,PD-R,
3048,COLERAIN,COLERAIN,B-1,
3049,COLERAIN,COLERAIN,PD-B,
3050,COLERAIN,COLERAIN,PD-B,
3051,COLERAIN,COLERAIN,PD-B,
3052,COLERAIN,COLERAIN,PD-B,
3053,LOCKLAND,LOCKLAND,R-3,
3054,LOCKLAND,LOCKLAND,R-3,
3055,LOCKLAND,LOCKLAND,R-3,
3056,LOCKLAND,LOCKLAND,O-S,
3057,LOCKLAND,LOCKLAND,O-S,
3058,LOCKLAND,LOCKLAND,R-3,
3222,COLERAIN,COLERAIN,B-2,
3223,COLERAIN,COLERAIN,PD-B,
3224,COLERAIN,COLERAIN,I-1,
3225,COLERAIN,COLERAIN,R-7,
3226,COLERAIN,COLERAIN,PD-B,
3227,COLERAIN,COLERAIN,PD-R,
3228,COLERAIN,COLERAIN,B-2,
3229,LOCKLAND,LOCKLAND,R-3,
3230,LOCKLAND,LOCKLAND,R-3,
3059,LOCKLAND,LOCKLAND,R-3,
3060,LOCKLAND,LOCKLAND,C-2,
3061,LOCKLAND,LOCKLAND,R-3,
3062,LOCKLAND,LOCKLAND,R-3,
3063,LOCKLAND,LOCKLAND,R-3,
3064,LOCKLAND,LOCKLAND,C-2,
3065,LOCKLAND,LOCKLAND,C-2,
3066,LOCKLAND,LOCKLAND,C-2,
3067,LOCKLAND,LOCKLAND,C-2,
3068,NORWOOD,NORWOOD,CBD-PUD,
3069,NORWOOD,NORWOOD,GBD,
3070,NORWOOD,NORWOOD,GBD-PUD,
3071,NORWOOD,NORWOOD,M1,
3072,NORWOOD,NORWOOD,M2,
3231,LOCKLAND,LOCKLAND,R-3,
3232,LOCKLAND,LOCKLAND,R-3,
3233,LOCKLAND,LOCKLAND,O-S,
3234,LOCKLAND,LOCKLAND,C-1,
3235,LOCKLAND,LOCKLAND,C-1,
3236,LOCKLAND,LOCKLAND,C-1,
3237,LOCKLAND,LOCKLAND,C-1,
3238,LOCKLAND,LOCKLAND,C-1,
3239,LOCKLAND,LOCKLAND,C-1,
3240,LOCKLAND,LOCKLAND,C-1,
3241,LOCKLAND,LOCKLAND,C-1,
3242,LOCKLAND,LOCKLAND,C-1,
3243,LOCKLAND,LOCKLAND,C-1,
3244,LOCKLAND,LOCKLAND,C-1,
3245,LOCKLAND,LOCKLAND,C-1,
3073,NORWOOD,NORWOOD,M2-PUD,
3074,NORWOOD,NORWOOD,NBD,
3075,NORWOOD,NORWOOD,NBD-PUD,
3076,NORWOOD,NORWOOD,O,
3077,NORWOOD,NORWOOD,O-PUD,
3078,NORWOOD,NORWOOD,R1,
3079,COLERAIN,COLERAIN,B-3,
3246,WOODLAWN,WOODLAWN,RS,
3247,WOODLAWN,WOODLAWN,RS,
3248,WOODLAWN,WOODLAWN,R2,
3249,WOODLAWN,WOODLAWN,OS,
3250,WOODLAWN,WOODLAWN,OS,
3251,WOODLAWN,WOODLAWN,OS,
3080,COLERAIN,COLERAIN,B-3,
3081,COLERAIN,COLERAIN,R-7,
3082,COLERAIN,COLERAIN,B-1,
3083,COLERAIN,COLERAIN,PD-B,
3084,LOCKLAND,LOCKLAND,C-2,
3085,LOCKLAND,LOCKLAND,C-2,
3086,LOCKLAND,LOCKLAND,C-2,
3087,LOCKLAND,LOCKLAND,R-3,
3088,LOCKLAND,LOCKLAND,R-3,
3252,CHEVIOT,CHEVIOT,R,
3253,CHEVIOT,CHEVIOT,B,
3254,CHEVIOT,CHEVIOT,A,
3255,CHEVIOT,CHEVIOT,O,
3256,CHEVIOT,CHEVIOT,A,
3257,COLERAIN,COLERAIN,B-3,
3089,LOCKLAND,LOCKLAND,I-1,
3090,LOCKLAND,LOCKLAND,I-1,
3091,LOCKLAND,LOCKLAND,I-1,
3092,LOCKLAND,LOCKLAND,I-1,
3093,LOCKLAND,LOCKLAND,O-S,
3094,LOCKLAND,LOCKLAND,R-3,
3095,LOCKLAND,LOCKLAND,I-1,
3096,LOCKLAND,LOCKLAND,C-1,
3097,NORWOOD,NORWOOD,R1-PUD,
3098,NORWOOD,NORWOOD,R2,
3099,NORWOOD,NORWOOD,R2-PUD,
3100,NORWOOD,NORWOOD,R3,
3258,COLERAIN,COLERAIN,PD-B,
3259,COLERAIN,COLERAIN,PD-R,
3260,COLERAIN,COLERAIN,PD-B,
3261,COLERAIN,COLERAIN,R-3,
3262,COLERAIN,COLERAIN,PD-I,
3263,COLERAIN,COLERAIN,B-3,
3264,COLERAIN,COLERAIN,B-1,
3265,COLERAIN,COLERAIN,B-3,
3266,COLERAIN,COLERAIN,B-3,
3267,COLERAIN,COLERAIN,PD-I,
3268,COLERAIN,COLERAIN,B-3,
3269,COLERAIN,COLERAIN,PD-B,
3270,COLERAIN,COLERAIN,PD-R,
3101,NORWOOD,NORWOOD,R3-PUD,
3102,NORWOOD,NORWOOD,RMX,
3103,WOODLAWN,WOODLAWN,I-P,
3104,COLERAIN,COLERAIN,I-1,
3105,COLERAIN,COLERAIN,B-2,
3106,COLERAIN,COLERAIN,R-6,
3107,COLERAIN,COLERAIN,PD-B,
3108,COLERAIN,COLERAIN,B-1,
3109,COLERAIN,COLERAIN,PD-B,
3271,COLERAIN,COLERAIN,PD-R,
2921,CROSBY,CROSBY,P,
2922,CROSBY,CROSBY,A,
2923,CROSBY,CROSBY,A,
2924,CROSBY,CROSBY,HG,
2925,CROSBY,CROSBY,H,
2926,FOREST PARK,FOREST PARK,HS,
2927,MONTGOMERY,MONTGOMERY,OC,
2928,MONTGOMERY,MONTGOMERY,HOD-H,
3110,LOCKLAND,LOCKLAND,I-1,
3111,LOCKLAND,LOCKLAND,R-2,
3112,LOCKLAND,LOCKLAND,R-2,
3113,LOCKLAND,LOCKLAND,R-2,
3114,LOCKLAND,LOCKLAND,R-2,
3115,LOCKLAND,LOCKLAND,I-1,
3116,LOCKLAND,LOCKLAND,I-1,
3117,LOCKLAND,LOCKLAND,R-O-C,
3118,LOCKLAND,LOCKLAND,C-2,
3119,LOCKLAND,LOCKLAND,R-3,
3120,LOCKLAND,LOCKLAND,C-2,
